bookId,chapterId,chapterTitle,chapterOrder,sectionId,sectionTitle,sectionOrder,blockOrder,type,text,itemsJson,icon,calloutTitle
victory_over_weakness,ch1,الفصل الأول,1,s1,محتوى,1,1,p,كتاب الأبوة,,,
victory_over_weakness,ch1,الفصل الأول,1,s1,محتوى,1,2,p,عنوان الكتاب,,,
victory_over_weakness,ch1,الفصل الأول,1,s2,الأبوة,2,3,h3,الأبوة,,,
victory_over_weakness,ch1,الفصل الأول,1,s2,الأبوة,2,4,p,لكل أب ولكل أم,,,
victory_over_weakness,ch1,الفصل الأول,1,s2,الأبوة,2,5,p,لكل خادم ولكل خادمة,,,
victory_over_weakness,ch1,الفصل الأول,1,s2,الأبوة,2,6,p,لماذا هذا الكتاب؟,,,
victory_over_weakness,ch1,الفصل الأول,1,s2,الأبوة,2,7,p,نشكر الله أن الخدمة قد اتسعت وتنوعت أشكالها، بالإضافة إلى أن العالم يتقدم كل يوم في اختراعات كثيرة، تفيد الإنسان وتفيد الخدمة. ولكن الوصول إلى داخل الإنسان أصبح صعباً، والخدمات تلمس خارج الإنسان، أو عقله، أو مشاعره، ولكن لا تشعر به، ولا تعالج مشاكله الداخلية. وهنا تظهر الحاجة إلى صفة هامة يحتاجها الآباء في المنازل، ويحتاجها الخدام في الكنائس؛ وهي الأبوة.,,,
victory_over_weakness,ch1,الفصل الأول,1,s2,الأبوة,2,8,p,والعجيب أن الأبوة كانت أكثر وضوحا في الخدمة، عندما كان العالم بسيطاً، حينما بشر المسيح، وأعطي أبوته لتلاميذه، وقبل ذلك في العهد القديم، في زمن الأنبياء. بل إن خدمة مدارس الأحد عندما بدأت وازدهرت في الثلاثينات والأربعينات في القرن العشرين، كانت الخدمة الفردية والأبوة فيها أكثر قوة، مما هي فيه في القرن الحادي والعشرين. فكيف يكون هذا؟,,,
victory_over_weakness,ch1,الفصل الأول,1,s2,الأبوة,2,9,p,هذا هو المحرك لكتابة هذا الكتاب. احتياج النفوس في كل مكان في مصر وفي العالم كله إلى الأبوة. والكتاب يتعرض بصراحة لكل ما يختص بالأبوة، سواء الاحتياج إليها، أو أبوة الله، أو صفات الأب، ثم بالأكثر كيف أقتني الأبوة، واتشجع في طريقها؟ وحتي يكون الكلام قريباً من ذهن ومشاعر القارئ، اقترنت المعاني الروحية، وكل ما يتصل بالأبوة، بقصص واقعية.,,,
victory_over_weakness,ch1,الفصل الأول,1,s2,الأبوة,2,10,p,نشكر كل من شارك في هذا الكتاب حتى يصل إلى يديك أيها القارئ، ونشكر نعمة الله، وشفاعة أمنا العذراء، وصلوات قديسنا مارمرقس الرسول، وبركة أبينا الطوباوي المكرم البابا تواضروس الثاني، أدام الله حياته، وأبوته لكل كنيسته، سنيناً عديدة، وأزمنة سالمة مديدة.,,,
victory_over_weakness,ch1,الفصل الأول,1,s2,الأبوة,2,11,p,القمص يوحنا باقي,,,
victory_over_weakness,ch1,الفصل الأول,1,s2,الأبوة,2,12,p,عيد الميلاد المجيد ٧ / ١ / ٢٠٢٥,,,
victory_over_weakness,ch2,الفصل الأول ما هي الأبوة؟,2,s1,محتوى,1,1,h2,الفصل الأول ما هي الأبوة؟,,,
victory_over_weakness,ch2,الفصل الأول ما هي الأبوة؟,2,s1,محتوى,1,2,p,الأبوة هي اهتمام كامل بالأبناء، ورعاية لكل احتياجاتهم. هي إحساس بكل مشاعرهم وتجاوب معها، وسد الاحتياجات بكل طاقة الأب، فهو لا يرفض، ولا ينسى احتياجات أولاده، ويشعر أنهم جزء منه، خرجوا للحياة، ويعيشون مستقلين، ولكن روحه وقلبه فيهم، بل ويشعر أنه يتمنى لهم كل نجاح، ويسعى إلى ذلك، ويفرح أن يتفوقوا عليه، فهو الإنسان الوحيد الذي يفرح بتقدم الآخرين عنه؛ لأنهم امتداد لحياته؛ فهو أبوهم ودمه يسري في عروقهم.,,,
victory_over_weakness,ch2,الفصل الأول ما هي الأبوة؟,2,s1,محتوى,1,3,p,وحتى لو لم يتجاوب الإبن، أو البنت مع الأب، يظل يحبهم، ويسعى لراحتهم مهما تقدموا في السن.,,,
victory_over_weakness,ch2,الفصل الأول ما هي الأبوة؟,2,s1,محتوى,1,4,p,الأمومة غريزة للإنسان تدفع الأم لرعاية أطفالها، حتى لو لم يكونوا قادرين على الإدراك. والأبوة تقف مع الأمومة باهتمام كامل لرعاية هؤلاء الأبناء.,,,
victory_over_weakness,ch2,الفصل الأول ما هي الأبوة؟,2,s1,محتوى,1,5,p,"في أحد الأيام كان ميخائيل أفندي إبراهيم في منزله، وطرق شخص باب المنزل، وكان ليلاً. فقام ليرى من الطارق، وسط تعجب زوجته لهذا الطارق الآتي متأخراً. وعندما فتح الباب، وجد أمامه شخصاً تبدو ملامحه وملابسه أنه فقير، بل غريب أيضاً عن المكان, ثم قال له الطارق:",,,
victory_over_weakness,ch2,الفصل الأول ما هي الأبوة؟,2,s1,محتوى,1,6,p,- أنا غريب، ولا أجد مكاناً لأبيت فيه، وسألت فعلمت أنك خادم مسؤول في الكنيسة، فياليتك تجد لي مكاناً أبيت فيه حتى الصباح.,,,
victory_over_weakness,ch2,الفصل الأول ما هي الأبوة؟,2,s1,محتوى,1,7,p,فسمع ميخائيل أفندي زوجته من الداخل تقول: لا يبيت عندنا؛ لأنها تعلم محبة زوجها للمحتاجين. فقال ميخائيل أفندي للطارق:,,,
victory_over_weakness,ch2,الفصل الأول ما هي الأبوة؟,2,s1,محتوى,1,8,p,انتظرني قليلاً، لأخذك للكنيسة فتبيت هناك.,,,
victory_over_weakness,ch2,الفصل الأول ما هي الأبوة؟,2,s1,محتوى,1,9,p,دخل ميخائيل أفندي، وارتدى ملابس الخروج، وأخذ مفتاح الكنيسة، ثم خرج مع الطارق، وذهب معه إلى الكنيسة، وهناك اعتذر للطارق الغريب أنه ليس عنده مكان إلا أن ينام داخل الكنيسة، فوافق الغريب، وشكر ميخائيل أفندي جداً، ونام على الأرض على سجادة، ولفها حول جسده؛ لتغطية، ونام.,,,
victory_over_weakness,ch2,الفصل الأول ما هي الأبوة؟,2,s1,محتوى,1,10,p,رجع ميخائيل أفندي إلى بيته، وفتح باب شقته، ودخل وأغلق الباب، وسمعت زوجته صوت فتح الباب وغلقه، وانتظرت زوجها أن يدخل عليها الغرفة؛ لأنها كانت تحبه وتنتظره، ولكنه لم يأت، فقلقت عليه، وقامت لتعرف الأمر، فوجدته نائماً على الأرض في صالة البيت على السجادة، وغطى نفسه بجزء منها، فتعجبت، وقالت له:,,,
victory_over_weakness,ch2,الفصل الأول ما هي الأبوة؟,2,s1,محتوى,1,11,p,إنت ليه نايم على الأرض؟,,,
victory_over_weakness,ch2,الفصل الأول ما هي الأبوة؟,2,s1,محتوى,1,12,p,فقال لها:,,,
victory_over_weakness,ch2,الفصل الأول ما هي الأبوة؟,2,s1,محتوى,1,13,p,"إزاي انام على السرير وأخويا نايم على الأرض؟! أنا هابات هنا الليلة دي. الأبوة من أعظم صور الحب بين البشر، حتى أن الله عندما أراد أن يعبر عن حبه العميق للبشر، قال لهم: أنا أبوكم، ونادوني في الصلاة قائلين: "" أبانا الذي…""",,,
victory_over_weakness,ch2,الفصل الأول ما هي الأبوة؟,2,s1,محتوى,1,14,p,"الأبوة هي سر بقاء الكنيسة قوية حتى اليوم وإلى الأبد؛ لأن المسيح، راعي كنيسة، تلمذ إثنى عشر تلميذاً، وسبعين رسولاَ، وكل تابعيه دعاهم تلاميذ، وبالتالي الكهنوت أساس عمله الأبوة، فينادى الكاهن ""أبونا""، وكانوا قديماً ينادون",,,
victory_over_weakness,ch2,الفصل الأول ما هي الأبوة؟,2,s1,محتوى,1,15,p,"الأسقف ب "" أبونا الأسقف"" أو "" أبونا البطرك""، بل يلقب البطريرك بالبابا. فرعاية الكاهن لشعبه واحداً واحداً هي الأبوة، وعلى قدر اهتمام الكاهن بأبوته لشعبه، يحفظه من كل انحراف، بل وينميه في محبة الله.",,,
victory_over_weakness,ch2,الفصل الأول ما هي الأبوة؟,2,s1,محتوى,1,16,p,الأبوة روح يملأ قلب الخادم، فتتعدى حدود أسرته إلى كل شخص يخدمه، فيضع نفسه مكان الآخر، ويشعر باحتياجاته، ويسعى لراحته، مثل ما يريح نفسه، بل عندما تزداد مشاعر الأبوة، لا يقبل أن يعطي نفسه أكثر ممن يخدمه، بل يقدمهم عليه إن استطاع.,,,
victory_over_weakness,ch2,الفصل الأول ما هي الأبوة؟,2,s1,محتوى,1,17,p,كان هذا الطبيب خادم في إحدى كنائس القاهرة، وكان يهتم بالشباب البعيدين عن الكنيسة. كان يصلي من أجلهم، ويفتقدهم، ولكن تجاوبهم مع خدمته كان قليلاً؛ حتى أنه حورب بأفكار تشكيك ويأس في خدمته؛ مثل أنها غير نافعة، وليس لها نتائج حسنة.,,,
victory_over_weakness,ch2,الفصل الأول ما هي الأبوة؟,2,s1,محتوى,1,18,p,لم يستسلم الخادم، رغم أنه كان يعاني من متاعب في القلب، وقام ليواصل خدمته، فاتصل بأحد أبنائه الشباب البعيدين، فرد عليه، وعندما سأل الخادم عنه، أجاب بصوت هاديء:,,,
victory_over_weakness,ch2,الفصل الأول ما هي الأبوة؟,2,s1,محتوى,1,19,p,أنا حالتي تعبانه ويائس .. أنا بموت .. أنا قطعت شراييني. وأغلق التليفون. قام الخادم يجري مسرعاً إلى منزل هذا الشاب الذي يسكن قريبا منه. كان يجري في الشارع، وتناسى أنه يعاني من متاعب في القلب. ووصل أخيراً إلى باب العمارة التي يسكن فيها الشاب، وكان يلهث (ينهج) بشدة، وقال للبواب:,,,
victory_over_weakness,ch2,الفصل الأول ما هي الأبوة؟,2,s1,محتوى,1,20,p,اطلع بسرعه اكسر شقة فلان، اللي قاعد لوحده؛ لأنه بيموت دلوقتي، وأنا طالع وراك. صعد الخادم بصعوبة، ووصل إلى باب شقة الشاب، الذي كان البواب قد كسر بابها. فدخل الخادم، ورأي ابنه ساقطاً على الأرض، والدم حوله. فسقط الخادم علي وجهه، من شدة التعب والخوف علي ابنه.,,,
victory_over_weakness,ch2,الفصل الأول ما هي الأبوة؟,2,s1,محتوى,1,21,p,أفاق الخادم، فوجد نفسه نائماً على سرير في مستشفى، وعلي السرير المجاور كان الشاب الذي حاول الانتحار راقداً، وهو يبتسم. قال الخادم:,,,
victory_over_weakness,ch2,الفصل الأول ما هي الأبوة؟,2,s1,محتوى,1,22,p,أنا فين؟ أجابت الممرضة:أنت يا دكتور في المستشفى، اللي قدرت تنقذك من الموت؛ لأن قلبك كان تعبان جداً. وأنقذت ابنك كمان من الموت بعد ما نزف دم كتير.,,,
victory_over_weakness,ch2,الفصل الأول ما هي الأبوة؟,2,s1,محتوى,1,23,p,ثم سمع الخادم الشاب الذي حاول الانتحار يكلمه، ويقول له:,,,
victory_over_weakness,ch2,الفصل الأول ما هي الأبوة؟,2,s1,محتوى,1,24,p,أنا شوفت الأبوة الحقيقية. أنت أحسن أب شوفته في الدنيا. اليأس اللي عندي راح بعد ما شوفتك بتضحي بحياتك عشاني . أنا شوفت المسيح فيك، زي ما مات علي الصليب، أنت كنت هتموت عشاني. أنا هاجي الكنيسة، وهبقي ابنك الحلو اللي بيطاوع كلامك.. أنا عندي أمل كبير، بعد ما شوفت حبك.تنهد الطبيب وقال:,,,
victory_over_weakness,ch2,الفصل الأول ما هي الأبوة؟,2,s1,محتوى,1,25,p,أشكرك يا رب إنك رجعتلي حياتي ورجعتلي ابني. انا مش هشك تاني، ولا أيأس وهخدمك طول عمري؛ لأن مافيش أب أحن منك.الأبوة هي التي تحفظ الشعوب، وتحميها من الانشقاقات والتحزبات والاضطرابات، فعلى قدر وجود الأبوة، تستريح القرية، أو المدينة، أو الدولة كلها.,,,
victory_over_weakness,ch3,الفصل الثاني الحاجة إلي الأبوة:,3,s1,محتوى,1,1,h2,الفصل الثاني الحاجة إلي الأبوة:,,,
victory_over_weakness,ch3,الفصل الثاني الحاجة إلي الأبوة:,3,s1,محتوى,1,2,p,الإنسان يحتاج إلى الأبوة مهما كان سنه، سواء كان طفلاً صغيراً، أو شاباً كبيراً؛ لأن الأبوة تسد احتياجات كثيرة عنده، فما هي هذه الاحتياجات؟,,,
victory_over_weakness,ch3,الفصل الثاني الحاجة إلي الأبوة:,3,s1,محتوى,1,3,p,الحاجة للإحساس أنا كابن محتاج من أبي أن يهتم بمشاعري، وما أفكر فيه، أو أعاني منه، أو احتاجه، خاصة إذا تكلمت، وأوضحت ما أحتاجه، أو ما أعاني منه.,,,
victory_over_weakness,ch3,الفصل الثاني الحاجة إلي الأبوة:,3,s1,محتوى,1,4,p,ومدى تقدير الأب لمشاعري، يظهر من نظراته وكلامه وتصرفاته معي، هذا يريحني جداً أن هناك من يفهمني، وبدون ذلك أشعر أني وحيد، ولا يوجد من يشعر بي، حتى لو كان حولي كثيرون.,,,
victory_over_weakness,ch3,الفصل الثاني الحاجة إلي الأبوة:,3,s1,محتوى,1,5,p,"وكم تكون فرحتي عندما أرى على وجه أبي مشاعر اهتمامه بما أحتاجه، حتى لو كان احتياجي صغيراً، هذا يشجعني أن أفتح قلبي وأعلن ما أعاني منه، حتى لو كان مكتوماً في داخلي منذ سنوات، ألم يقل الكتاب المقدس ""فرحاً مع الفرحين وبكاءً مع الباكين"" (رو15:12). وإذا شعرت بأن أبي يشعر بي، هذا يدفعني بسهولة لأشعر بالآخرين الذين أولهم أبي. وعلى العكس إذا لم أجد من يشعر بي، سأنغلق على نفسي، وبمرور السنين يصبح من الصعب أن يخترق أي إنسان الحواجز التي وضعتها من الخوف واليأس من الناس، فلا يستطيع أحد أن يصل إلىَّ، وتزداد داخلي مشاعري المكتومة ، وتؤدي إلى متاعب يصعب حصرها، أو علاجها.",,,
victory_over_weakness,ch3,الفصل الثاني الحاجة إلي الأبوة:,3,s1,محتوى,1,6,p,لاحظت هذه الأم أن ابنها لا يسمع بأذنه اليسرى منذ ولادته، وبعد الكشف عليه عند الطبيب قرر أن هناك تلفاً في الخلايا العصبية الخاصة بهذه الأذن. فقبلت الأم، ولكنها عاملت ابنها بلطف وتشجيع، ولم تشعره بأي نقص فيه؛ لأنه كان يدير رأسه إذا كلمه أحد؛ ليسمع بأذنه اليمنى.,,,
victory_over_weakness,ch3,الفصل الثاني الحاجة إلي الأبوة:,3,s1,محتوى,1,7,p,كبر الابن وبلغ العاشرة من عمره، وانتقلت الأسرة إلى مكان جديد ومدرسة جديدة، ووجد فيها طفلاً لطيفاً اسمه جون، وتكونت صداقة بينهما، خاصاً وأنه التقى بجون أيضاً في مدارس الأحد، في الكنيسة التي يذهب إليها.,,,
victory_over_weakness,ch3,الفصل الثاني الحاجة إلي الأبوة:,3,s1,محتوى,1,8,p,في عيد ميلاد جون، فكر الابن المبارك في تقديم هدية لصديقه، وهي هدية يحتاجها، وكانت مقلمة تحتوي على الأدوات الهندسية، ولكن أمه قالت له:,,,
victory_over_weakness,ch3,الفصل الثاني الحاجة إلي الأبوة:,3,s1,محتوى,1,9,p,أظن أن جون ظروفه المادية ضعيفة، ولا يستطيع أن يرد لك الهدية. فقال لها ابنها:,,,
victory_over_weakness,ch3,الفصل الثاني الحاجة إلي الأبوة:,3,s1,محتوى,1,10,p,أنا أعرف عنوانه، وهو قريب منا، فيمكن أن أذهب إليه وأضع الهدية على باب المنزل، واضرب الجرس، ثم أسرع في النزول.شجعته أمه على هذه المحبة، واشترى الهدية، وذهب يوم عيد ميلاد صديقه إلي منزله ليلاً، ولم يضئ نور السلم؛ حتي لا يشعر به أحد، وصعد الى الشقة، ووضع الهدية على الأرض أمام الباب، ثم مد يده؛ ليضرب الجرس، فلمس أسلاكاً كانت عارية، وشعر بكهرباء تسري في يده، وسقط على الأرض. وبعد قليل استطاع أن يقوم، و طرق الباب بيده، وأسرع نازلاً ورجع إلى بيته.,,,
victory_over_weakness,ch3,الفصل الثاني الحاجة إلي الأبوة:,3,s1,محتوى,1,11,p,عندما دخل إلى بيته ارتمي في حضن أمه باكياً، وعلمت الأم بما حدث له فشجعته.,,,
victory_over_weakness,ch3,الفصل الثاني الحاجة إلي الأبوة:,3,s1,محتوى,1,12,p,بعد أيام لاحظت الأم أن ابنها لا يدير رأسه عندما تكلمه، واكتشفت أنه يسمع بأذنه اليسرى، وذهبت الي الطبيب الذي قال لها أن معجزة قد حدثت، وأن ابنك دخل إليه شحنة كهربائية نبهت الخلايا العصبية للأذن، فاستعاد سمعه.,,,
victory_over_weakness,ch3,الفصل الثاني الحاجة إلي الأبوة:,3,s1,محتوى,1,13,p,فرحت الأم واستمرت في صداقة مع ابنها، وكبر وأصبح له شخصية مملوءة بالصفات المسيحية والفضائل الكثيرة، بمساعدة أمه التي تشعر به وتشجعه ولا تشعره بنقصه.,,,
victory_over_weakness,ch3,الفصل الثاني الحاجة إلي الأبوة:,3,s1,محتوى,1,14,p,الحاجة إلى التشجيعأنا صغير يا أبي، وأريد أن أنمو، ولكن حولي معوقات كثيرة ومخاوف، فهل تساعدني للتغلب عليها؟,,,
victory_over_weakness,ch3,الفصل الثاني الحاجة إلي الأبوة:,3,s1,محتوى,1,15,p,أنا محتاج لمعونتك وتشجيعك؛ حتى أثق في نفسي، وأشعر أني قادر بمعونة الله أن أنجح في كل مراحل حياتي. أنا لا أرفض أن أتعلم، بل على العكس، محتاج أن تعلمني كل شىء، ولكن لماذا تسرع إلى توبيخي إذا أخطأت، أو عجزت عن أي شئ؟!,,,
victory_over_weakness,ch3,الفصل الثاني الحاجة إلي الأبوة:,3,s1,محتوى,1,16,p,أطيلي أناتك علي يا أمي، فأنا مازلت أحاول أن أفهم وأتدرب على ما تقولينه، إنه صعب علىَ، فاعطيني فرصة أن أجرب، وإن فشلت، اعطيني فرصة جديدة، لا تكوني قاسية علىَ، فأنا منتظر منك الحنان، حتى لو لم يكن الناس مهتمين بالإشفاق علىَِ، فيكفيني حنانك وحنان أبي.,,,
victory_over_weakness,ch3,الفصل الثاني الحاجة إلي الأبوة:,3,s1,محتوى,1,17,p,إبتسامتك، ولمساتك الرقيقة، وكلماتك الطيبة، تعطيني رجاءً في النجاح، أما توبيخاتك الشديدة فتقودني للفشل. أنا أعلم أنك تريدين لي التفوق، ولكني أشعر بالعجز وصغر النفس أمام غضبك.,,,
victory_over_weakness,ch3,الفصل الثاني الحاجة إلي الأبوة:,3,s1,محتوى,1,18,p,أريد أن ألعب واتسلى، وانت يا أبي وأنت يا أمي تطلبان مني دائما المذاكرة، وتناول الطعام، والاهتمام بثيابي، لكن لا تشفقان عليَ. إني أحبكما، وأريد أن استند عليكما، وعندما أحاول في سن المراهقة أن أستقل عنكما، لا تبتعدا عنى و شجعاني أكثر من ذي قبل لأني مازلت أحبكما، ومحتاج إلى مساندتكما،. لا تتضايقا من اعتراضاتي، فأنا لا أفهم كل شئ، ولكن لابد أن أستقل عنكما، فابقيا في مكانكما وحبكما، فهما سند خفي لي لا تعلمان مقدار احتياجي لهما.,,,
victory_over_weakness,ch3,الفصل الثاني الحاجة إلي الأبوة:,3,s1,محتوى,1,19,p,أبي لا تقارني بأحد، ولكن شجعني بكل ما تستطيع، لا تظهر لي تفوق الآخرين عني، ولكن اعطيني ثقة أني أستطيع أن أتفوق. إنك تضع في داخلي مبادئ الغيرة التي لا أريدها، وتدخل الإحباط في داخلي.,,,
victory_over_weakness,ch3,الفصل الثاني الحاجة إلي الأبوة:,3,s1,محتوى,1,20,p,كان هذا الطفل- الذي يبلغ من العمر خمس سنوات- يحضر بانتظام فصل مدارس الأحد، وكان يستمع باهتمام، ويظهر عليه الذكاء، ولكنه كان لا يتكلم مع أحد.,,,
victory_over_weakness,ch3,الفصل الثاني الحاجة إلي الأبوة:,3,s1,محتوى,1,21,p,استرعى هذا الطفل انتباه الخادمة، فحاولت أن تتكلم معه على انفراد، فلم يرد عليها، فاستمرت تظهر اهتمامها ومحبتها له، وتمدحه وتشجعه؛ فأحبها، ولكنه استمر في رفض الإجابة على أسئلتها.,,,
victory_over_weakness,ch3,الفصل الثاني الحاجة إلي الأبوة:,3,s1,محتوى,1,22,p,استمرت تجلس معه وتتحدث في مواضيع مختلفة، وهو ينظر إليها في صمت، إلى أن قالت أمامه في مرة: كلمة بحر، فقال: بحر. فرحت به واستمرت تتكلم معه عن البحر والشاطئ والرمال، فتجاوب معها بكلمات كثيرة، ومن هنا انطلق الطفل يتكلم معها، وأثناء الدرس وأمام الأطفال.,,,
victory_over_weakness,ch3,الفصل الثاني الحاجة إلي الأبوة:,3,s1,محتوى,1,23,p,استمرت الخادمة تهتم بالطفل، حتى علمت منه أنه منذ حوالي سنة، أو أكثر حمله أقرباؤه، وهو جالس على الشاطئ، وألقوه في البحر، فخاف جداً، وعاد يجلس على الشاطئ، ويراقب أقرباءه وهم يسبحون، ويتمنى أن يكون مثلهم، ولكنه يخاف أن ينزل البحر.,,,
victory_over_weakness,ch3,الفصل الثاني الحاجة إلي الأبوة:,3,s1,محتوى,1,24,p,استمر الطفل يواظب على مدارس الأحد، وتشجيعات الخادمة تدفعه للأمام، وانطلق في الكلام في كل شئ، وأيضاً في المدرسة. أما من جهة البحر، فقد أصبح من السباحين المحبين للسباحة لمسافات طويلة.,,,
victory_over_weakness,ch3,الفصل الثاني الحاجة إلي الأبوة:,3,s1,محتوى,1,25,p,الحاجة للأمانالأبوة توفر للابن صغيراً، أو كبيراً الإحساس بالأمان؛ لأن الأب والأم يحميان الابن والبنت، هكذا تعود الأبناء منذ صغرهم، وإجابات الآباء لتساؤلات الأبناء تشبع هذا الاحتياج، فتطمئنهم أن كل شئ بخير، وأن احتياجاتهم موجودة، فيبتعدون عن كل خوف شعروا به من أي شئ سمعوه، أو رأوه.,,,
victory_over_weakness,ch3,الفصل الثاني الحاجة إلي الأبوة:,3,s1,محتوى,1,26,p,ولكن أن كان الآباء، بدون حكمة، يحكون لأبنائهم قصص مزعجة ومخيفة، أو يتركونهم يشاهدون أي شيء يخيفهم، فهذا بالطبع يسلب منهم الإحساس بالأمان.,,,
victory_over_weakness,ch3,الفصل الثاني الحاجة إلي الأبوة:,3,s1,محتوى,1,27,p,ومن الأمور المزعجة جداً للأبناء أن يجدوا الوالدين يتشاجران أمامهم، هذا يشعرهم بعدم الأمان؛ إذ تهتز أمامهم صورة من يحميهم، بل يشعر الأبناء أنهم غالباً السبب في انزعاج الآباء، وأنهم فعلوا شيئاً ردياً أدي إلي هذا الشجار والصدام.,,,
victory_over_weakness,ch3,الفصل الثاني الحاجة إلي الأبوة:,3,s1,محتوى,1,28,p,إن الإحساس بالأمان يعطي سلاماً في قلوب الأبناء، فيسلكون في هدوء، وينمون في كل عمل صالح.,,,
victory_over_weakness,ch3,الفصل الثاني الحاجة إلي الأبوة:,3,s1,محتوى,1,29,p,والقلق الذي يتولد في الطفولة، أو المراهقة، يمكن أن يستمر سنيناً طويلة، أو طوال العمر، وهذا يظهر خطورة حرمان الأبناء من الإحساس بالأمان.,,,
victory_over_weakness,ch3,الفصل الثاني الحاجة إلي الأبوة:,3,s1,محتوى,1,30,p,كبر هذا الطفل، وكان يعيش مع أمه، وعلم أن أبوه أقام مع أمه فترة، ثم اختفى. وكانت أمه تعامله بقسوة، وتعاقبه بشدة على أخطائه، أما هو فكان يزداد قلقاً واضطراباً وضيقاً من عقوبات أمه. فكان يزداد الصراع بين حبه لأمه، وضيقه من معاملتها له بقسوة؛ حتى جاء يوم شعر أنه غير محتمل غضب وعنف أمه، فهرب من البيت، وكان عمره حوالي ١٢ عاماً.,,,
victory_over_weakness,ch3,الفصل الثاني الحاجة إلي الأبوة:,3,s1,محتوى,1,31,p,سافر الصبي إلى بلد أخرى، وكان هذا في الولايات المتحدة الأمريكية، واستمر يستعطي؛ ليجد طعامه، ثم أنعم عليه الله بسيدة أشفقت عليه، وأخذته لتربيه في بيتها، وعاملته بحنان، ولكنه من شدة قلقه كان يعمل أخطاءً كثيرة، وكانت ردوده سخيفة ومستفزة. استمرت هذه الأم في تحمله، ولكنها في النهاية لم تقدر، فطردته.,,,
victory_over_weakness,ch3,الفصل الثاني الحاجة إلي الأبوة:,3,s1,محتوى,1,32,p,خرج الصبى إلى الشوارع يبحث عن طعام بكل الوسائل حتى الشريرة منها، مثل الكذب والسرقة، ووصلت للقتل أيضاً، واستمر يهرب من مكان إلى مكان، إلى أن استطاعت الشرطة أن تقبض عليه، ودخل السجن.,,,
victory_over_weakness,ch3,الفصل الثاني الحاجة إلي الأبوة:,3,s1,محتوى,1,33,p,ظل في السجن سنوات، إلى أن تمكن من الاستيلاء على سيارة وهرب بها من السجن، وذهب إلى منزل، ثم من الحديقة الخلفية قفز إلى المنزل المجاور، ووجد عاملة تضع الغسيل على الحبال فهددها بسكينة، وربطها بالحبال، ثم دخل إلى البيت، ووجد الطبيبة صاحبة البيت، فقام بربطها بسلك التليفون. أما الطبيبة، التي كانت خادمة في الكنيسة، فطلبت أمنا العذراء والبابا كيرلس، فهدأت. نظر السجين الهارب للطبيبة وقال لها: أنا لن أؤذيك، فأنا هارب من السجن، وأريد أن أقيم عندك فترة، وشعرت الخادمة بقوة من الله، بعد أن صلت، فبدأت تحدثه عن المسيح فسمعها، واستراح لكلامها وحنانها عليه، حتى أنه فكها، فجلست تتحدث معه، وطلب منها أن يستخدم تليفونها فسمحت له، فوجدته يتحدث مع صاحب محل خمور يعتذر له؛ لأنه لم يسدد الدين الذي عليه، ووعده أنه إن عاش سيسدد الدين الذي عليه، ثم تكلم مع تليفون أخر، وكان مع والدته التي ربته، وليست التي ولدته، وقال لها: يا ماما أنا عملت جرائم كثيرة، ودخلت السجن، وهربت منه، وياريتك يا ماما كنت استحملتيني شوية كمان، وانا بودعك يا ماما؛ لأني مش عارف هقدر أشوفك تاني ولا لأ.,,,
victory_over_weakness,ch3,الفصل الثاني الحاجة إلي الأبوة:,3,s1,محتوى,1,34,p,شعرت الخادمة أن هناك مشاعر طيبة داخل السجين، فأزداد كلامها معه عن المسيح، ثم دق التليفون، وكانت مساعدة الطبيبة التي تعمل معها في العيادة تسأل عنها؛ لأنها تأخرت، فأجابت: أنها ستتأخر فترة.,,,
victory_over_weakness,ch3,الفصل الثاني الحاجة إلي الأبوة:,3,s1,محتوى,1,35,p,قلقت مساعدة الطبيبة، وأبلغت البوليس، الذي أتى إلى مسكن الطبيبة، وبدأ يتحدث مع السجين الذي قال له: أنا معي رهينتين.,,,
victory_over_weakness,ch3,الفصل الثاني الحاجة إلي الأبوة:,3,s1,محتوى,1,36,p,استمر الحوار بين البوليس والسجين إلى أن سمح للطبيبة، التي استراح إلى حنانها، أن تخرج. وجدت الطبيبة عدداً من أحبائها في الكنيسة، وكاهن الكنيسة أيضاً ينتظرونها مع البوليس.,,,
victory_over_weakness,ch3,الفصل الثاني الحاجة إلي الأبوة:,3,s1,محتوى,1,37,p,استمر الحوار مع السجين، بعد خروج الطبيبة، لمدة ٦ ساعات، هجم بعدها رجال البوليس على البيت، واستطاعوا قتل السجين الذي فعل شروراً كثيرة، ولكنه كان مسكيناً؛ لأنه فقد الإحساس بالأمان منذ طفولته.,,,
victory_over_weakness,ch3,الفصل الثاني الحاجة إلي الأبوة:,3,s1,محتوى,1,38,p,هذه القصة من بلد أخرى ليست مصر، ولكن كل البلاد لا تخلو من قصص مشابهة، لعدم العناية بإشباع أطفالنا بالأمان.,,,
victory_over_weakness,ch3,الفصل الثاني الحاجة إلي الأبوة:,3,s1,محتوى,1,39,p,الحاجة للإخلاصالأحباء كثيرون حولنا، وأيضاً الزملاء والمرافقون، ولكن من منهم مخلص لنا، يساعدنا بكلامه وقلبه ومشاعره، ولا يبخل علينا بما نحتاجه من معونة.,,,
victory_over_weakness,ch3,الفصل الثاني الحاجة إلي الأبوة:,3,s1,محتوى,1,40,p,إن الأب والأم يقفان في أول صفوف المخلصين، ويليهم الإخوة الجسديين والروحيين، إذ يشعر الوالدان بمسؤليتهما الطبيعية عن أبنائهم، فيعلنان لهم الحقيقة واضحة، ولا يخفيان شيئاً عنهم.,,,
victory_over_weakness,ch3,الفصل الثاني الحاجة إلي الأبوة:,3,s1,محتوى,1,41,p,وإذا حدثت ضيقة، وتفرق الكثيرون عنا، نجد الوالدين ثابتين في مكانهما، يقدمان بإخلاص كل ما يستطيعان أن يفعلا.,,,
victory_over_weakness,ch3,الفصل الثاني الحاجة إلي الأبوة:,3,s1,محتوى,1,42,p,وإذا أصابت أحد منا إساءات من الآخرين وخيانة، رغم ما نصنعه مع هؤلاء من محبة، نجد الوالدين ثابتين في إخلاصهما.,,,
victory_over_weakness,ch3,الفصل الثاني الحاجة إلي الأبوة:,3,s1,محتوى,1,43,p,إنهما المرجع الموثوق به في أي موضوع محير؛ لأنهما لا يطلبان مصلحتهما، بل مصلحة الأبناء؛ هذه هي الأبوة الحقيقية التي يستمداها من الله نفسه.,,,
victory_over_weakness,ch3,الفصل الثاني الحاجة إلي الأبوة:,3,s1,محتوى,1,44,p,ولد مرقس في بلدة منشاة النصارى في صعيد مصر، في القرن الرابع عشر. وكان والداه فقيران لكنهما كانا أتقياءً، يصلون ويصومون اصواماً انقطاعية لفترات طويلة، فتعلم منهما ابنهما، ولما كبر اشتغل؛ ليساهم في احتياجات بيته.,,,
victory_over_weakness,ch3,الفصل الثاني الحاجة إلي الأبوة:,3,s1,محتوى,1,45,p,بعد وفاة والد مرقس، وهو في سن الثلاث والعشرين من عمره، ذهب إلى أحد الأديرة، ولكنه وجد الكثير من الرهبان لا يصومون انقطاعياً، وصلواتهم قليلة، فتضايق وعاد إلى بيته. أما أمه المخلصة له، فلم ترحب بعودته، مع أنها كانت مشتاقة بالطبع لرؤيته، لكنها عاتبته، وقالت له:,,,
victory_over_weakness,ch3,الفصل الثاني الحاجة إلي الأبوة:,3,s1,محتوى,1,46,p,أنت مُتَ يابني، إزاي ترجع للدنيا تاني؟فأنتبه الابن نتيجة إخلاص أمه، وضبطها لمشاعرها؛ من أجل نجاحه في الحياة الروحية. فقام وذهب إلى دير القديس العظيم الأنبا أنطونيوس، والتحق به، وعاش حياة رهبانية مدققة. هذا هو القديس العظيم مرقس الأنطوني، الذي تألق في الحياة الرهبانية بواسطة إخلاص أمه، التي أعادته سريعاً إلى حياة الرهبنة.,,,
victory_over_weakness,ch3,الفصل الثاني الحاجة إلي الأبوة:,3,s1,محتوى,1,47,p,الحاجة للمشاركة:أنا ابن صغير وأحبك يا أبي، وأحبك يا أمي، وأريد أن أقلدكما في كل شئ، فهل تسمحان لي؟,,,
victory_over_weakness,ch3,الفصل الثاني الحاجة إلي الأبوة:,3,s1,محتوى,1,48,p,إن الوالدين اللذين يفهمان في أصول التربية السليمة، يهتمان بإشراك أبنائهم منذ طفولتهم في العمل معهما، فيفتحان الدولاب؛ ليتفرج الطفل على ملابسه، بل ويشارك في وضعها، فيفرح جداً.,,,
victory_over_weakness,ch3,الفصل الثاني الحاجة إلي الأبوة:,3,s1,محتوى,1,49,p,بل إن الأم المربية الحقيقية تشرك أطفالها في كل شئ مادام لا يضرهم؛ حتى لو كانت أعمالهم مفيدة بشكل صغير جداً، أو غير مفيدة أحياناً؛ لأن المشاركة تسعد الأطفال.,,,
victory_over_weakness,ch3,الفصل الثاني الحاجة إلي الأبوة:,3,s1,محتوى,1,50,p,وبحكمة الوالدين يغرسان في أطفالهما محبة المهارات المختلفة في البيت، ويشحعانهم على المساعدة فيها، مثل أي تنظيم، أو إصلاح في المنزل. وبهذا يعلمان أطفالهما مهارات يمكن أن تنمو وتستمر معهم طوال حياتهم؛ لأنهما يزرعان محبة هذه المهارات فيهم.,,,
victory_over_weakness,ch3,الفصل الثاني الحاجة إلي الأبوة:,3,s1,محتوى,1,51,p,إن مشاركة الأطفال في ألعابهم تسعدهم جداً، وتشعرهم بالمشاركة من الوالدين، وكذا الاستماع إلى القصص من الوالدين، ثم ترديد هذه القصص نفسها لوالديهم تفرح قلوبهم.,,,
victory_over_weakness,ch3,الفصل الثاني الحاجة إلي الأبوة:,3,s1,محتوى,1,52,p,والمشاركة في الحوار والحديث مع الأطفال يعودهم على الحوار مع الوالدين، وهذا الحوار يستمر في فترة المراهقة والشباب. أما إهمال هذه المشاركة في الطفولة، يجعل تعليمها في سن المراهقة صعباً، وفي سن الشباب أصعب.,,,
victory_over_weakness,ch3,الفصل الثاني الحاجة إلي الأبوة:,3,s1,محتوى,1,53,p,إن اصطحاب الابن صغيراً، أو كبيراً في مقابلات ومشاوير وإجراءات، تعطيه ثقة بنفسه، ومشاركة ونجاح في حياته.,,,
victory_over_weakness,ch3,الفصل الثاني الحاجة إلي الأبوة:,3,s1,محتوى,1,54,p,المشاركة تذيب الفوارق بين الأجيال، وتفتح قلوب الأبناء مع الآباء، والآباء مع الأبناء، فتكون أسرة قوية تعالج مشاكلها بسهولة، ولا تنزعج من المواقف الصعبة، وتكون في الأبناء قدرة أكبر على العطاء، والعمل الجاد وتحمل المسؤوليات.,,,
victory_over_weakness,ch3,الفصل الثاني الحاجة إلي الأبوة:,3,s1,محتوى,1,55,p,كان والد القديس الأنبا أنطونيوس يملك ثلاثمائة فدان من أجود الأراضي، في مدينة قمن العروس في بني سويف. وكان أنطونيوس يخرج مع والده الذي يمر على الحقول، فتعلم الزراعة منذ صغره، وأتقنها بتشجيع والده.,,,
victory_over_weakness,ch3,الفصل الثاني الحاجة إلي الأبوة:,3,s1,محتوى,1,56,p,ثم مات أبوه وأمه، ودخلت أخته بيت للعذارى، وباع كل ماله، وخرج لحياة الوحدة، ثم دخل إلى البرية الداخلية وكان أحد تلاميذه يأتي إليه بطعام كل مدة.,,,
victory_over_weakness,ch3,الفصل الثاني الحاجة إلي الأبوة:,3,s1,محتوى,1,57,p,أراد القديس أن يريح تلميذه، فقال له: أحضر لي بعض الحبوب، وسوف آكل من ثمارها؛ حتى لا تتعب وتأتي لي بطعام كل فترة. وبعد إلحاح أحضر له التلميذ الحبوب.,,,
victory_over_weakness,ch3,الفصل الثاني الحاجة إلي الأبوة:,3,s1,محتوى,1,58,p,زرع الأنبا أنطونيوس قطعة من الأرض، ولأنه متمرن على الزراعة، اهتم بما زرعه، وكبر الزرع حتى أتي بمحصول، ولكن أتت الحيوانات وأكلته.,,,
victory_over_weakness,ch3,الفصل الثاني الحاجة إلي الأبوة:,3,s1,محتوى,1,59,p,لم ينزعج أنطونيوس، وزرع الأرض مرة ثانية، واهتم بما زرعه اهتماماً كبيراً كما تعلم منذ صغره، ولكن عندما كبرت النباتات جاءت الحيوانات وأكلتها.,,,
victory_over_weakness,ch3,الفصل الثاني الحاجة إلي الأبوة:,3,s1,محتوى,1,60,p,وفي مثابرة قام مرة ثالثة، وزرع الأرض أيضاً بإتقان شديد، وصلى إلي الله؛ لكي يحفظ النباتات ولا تأكلها الحيوانات؛ حتى يريح تلميذه. وعندما نما الزرع، كان جالساً في أحد الأيام، فرأى حيوان قد أتى ليأكل الزرع، فقام وأمسكه بلطف، وقال له:,,,
victory_over_weakness,ch3,الفصل الثاني الحاجة إلي الأبوة:,3,s1,محتوى,1,61,p,متجيش تاكل زرعي عشان أنا محتاج له وقول لاخواتك الحيوانات ميجوش ياكلوه.وفعلاً من هذا اليوم لم تأتِ الحيوانات لتأكل الزرع، وبدأ الأنبا أنطونيوس يأكل مما زرعه، كما تعلم منذ صغره من أبيه. إن مشاركة الأب لابنه، تساعد الابن طول حياته في أوقات، لم يكن يتوقع فيها أهمية ما تعلمه من أبيه منذ الصغر.,,,
victory_over_weakness,ch3,الفصل الثاني الحاجة إلي الأبوة:,3,s1,محتوى,1,62,p,الحاجة إلى الإرشاد:الطفل لا يخجل أن يقول أنا لا أعرف، وبالتالي يفرح بإرشاد والديه له، خاصة لو كان بحنان ولطف، والابتعاد عن التوبيخ والعقاب، إلا في الضرورة القصوى.,,,
victory_over_weakness,ch3,الفصل الثاني الحاجة إلي الأبوة:,3,s1,محتوى,1,63,p,ومن يتعود إجابات بسيطة من والديه وهو طفل، يستمر في بساطة يسألهما طوال حياته. أما من يحتقر أسئلة أطفاله، أو يضحك عليها، يجعل الابن ينكمش على نفسه، ويبحث عن مصادر أخرى يعرف بها إجابات ما يريده، حتى لو انحرفت به؛ والسبب هو إهمال الوالدين لأسئلة ابنهما.,,,
victory_over_weakness,ch3,الفصل الثاني الحاجة إلي الأبوة:,3,s1,محتوى,1,64,p,ليس من الصواب أن يلقي كل طرف من الوالدين على الآخر مسؤولية إرشاد أبنائهم المراهقين.,,,
victory_over_weakness,ch3,الفصل الثاني الحاجة إلي الأبوة:,3,s1,محتوى,1,65,p,الإرشاد يظهر محبة الوالدين واهتمامهما بكل كبيرة وصغيرة يفكر فيها الطفل، ويشجعه أن يظل يسأل طوال حياته، ويفتح قلبه بسهولة لوالديه، أو لمن يهتم بإرشاده، ويعطيه نفسية سوية متزنة، ويبعد عنه كل اضطراب في الشخصية.,,,
victory_over_weakness,ch3,الفصل الثاني الحاجة إلي الأبوة:,3,s1,محتوى,1,66,p,أن كان الأب، أو الأم لا يعرف الإجابة، فهذا لا عيب فيه، بل يعد الابن أنه سيسأل ويرد على كل أسئلته، وهذا يجعل الابن في راحة وأمان؛ لأنه سيجد الإجابة عند والديه.,,,
victory_over_weakness,ch3,الفصل الثاني الحاجة إلي الأبوة:,3,s1,محتوى,1,67,p,الإرشاد يفتح أبواب النمو النفسي والروحي للأبناء فلا يخافوا من شيء، بل يستطيعوا أن يجربوا أي شئ تحت إرشاد والديهم، وإن فشلوا لا ينزعجون، بل يواصلون التجارب بتشجيع والديهم، فتظهر مهارات وطاقات عظيمة داخل الأبناء، حتى يصلوا إلى النبوغ والإبداع.,,,
victory_over_weakness,ch3,الفصل الثاني الحاجة إلي الأبوة:,3,s1,محتوى,1,68,p,هذا الطفل المدعو توماس، عندما أدخلته والدته نانسي المدرسة، لم يبق فيها إلا ثلاثة أشهر، ثم طردوه؛ لأنه كثير الحركة، وينشغل بكل ما حوله، ولا يركز في الدراسة، بالإضافة إلى أسئلته الكثيرة، فقرروا في المدرسة أنه غير صالح لمواصلة الدراسة.,,,
victory_over_weakness,ch3,الفصل الثاني الحاجة إلي الأبوة:,3,s1,محتوى,1,69,p,شجعته أمه على الدراسة في البيت، إذ كان محباً للقراءة، وكان أبوه يعطيه جائزة كلما أنهي قراءة كتاب. أما أمه، فكانت تعطيه فرصة أن يجرب تجارب كثيرة، حتى لو أحدثت مشاكل، مثل إشعال الحريق في مخزن أبيه المملوء بالأخشاب، فرغم أن والده وبخه بشدة، لكن والدته كانت بجواره، فاستمر في تجاربه ودراسته من المنزل.,,,
victory_over_weakness,ch3,الفصل الثاني الحاجة إلي الأبوة:,3,s1,محتوى,1,70,p,هو من أسرة متوسطة، واحتاج أن يعمل في بيع الصحف والخضروات، وأعمال كثيرة، واستطاع من دخله الصغير أن يواصل تجاربه في بلده التي بكاليفورنيا بأمريكا، واستطاع قبل أن يبلغ الثلاثين من عمره أن يخترع ١٠٩٣ اختراعاً.,,,
victory_over_weakness,ch3,الفصل الثاني الحاجة إلي الأبوة:,3,s1,محتوى,1,71,p,وبعد سن الثلاثين استمر في تجاربه، وبعد ٩٩٩ تجربة استطاع في التجربة الألف أن يخترع الكهرباء، ثم بتجارب كثيرة استطاع أن يحوله إلى مصباح يسهل استخدامه في المنازل.,,,
victory_over_weakness,ch3,الفصل الثاني الحاجة إلي الأبوة:,3,s1,محتوى,1,72,p,هذا هو توماس أديسون مخترع الكهرباء، الذي كانت هوايته إجراء التجارب، فكان لا ينام أكثر من أربع ساعات في اليوم، وأصبح أعظم مخترع في العالم في ذلك الوقت، كل هذا بفضل تشجيع والدته نانسي. وقد عاش في الفترة من عام ١٨٤٧ حتي عام ١٩٣١، أي بلغ من العمر ٨٤ عاماً.,,,
victory_over_weakness,ch3,الفصل الثاني الحاجة إلي الأبوة:,3,s1,محتوى,1,73,p,الحاجة إلى المواجهة:قد يشعر الآباء ان أبناءهم في سن المراهقة، أو الشباب لا يقبلون النقد، أو التوبيخ، ويصمتون. في حين أن الأبناء يحتاجون إلى مواجهتهم بأخطائهم، كبيرة، او صغيرة لأنهم يثقون في آبائهم، فإذا لم يعلقوا علي تصرفاتهم وكلامهم، فهذا يعني ضمنياً موافقتهم، وبهذا يضلون أبناءهم بل ويجعلوهم يرفضون توجيهات الآخرين في المجتمع، أو الكنيسة. فهل هذا تدليل من الآباء، أم هو إهمال؟!,,,
victory_over_weakness,ch3,الفصل الثاني الحاجة إلي الأبوة:,3,s1,محتوى,1,74,p,ولابد أن يراعي الآباء ليس فقط أن يوجهوا أبناءهم بأخطائهم، بل أيضاً، يواجهونهم بلطف، و يمزجون العتاب بالتشجيع و التوبيخ، بمدح أمور أخري في حياة أبنائهم، فهذا يبين أنهم يحبون أبناءهم و يشجعونهم، حتى لا يسقطوا في صغر النفس. وعدم المواجهة تسقط الأبناء في أخطاء، بل أيضاً حيرة في اختيار السلوك السليم، ثم ظهورهم بشكل سيء أمام أصدقائهم، بل والمجتمع كله.,,,
victory_over_weakness,ch3,الفصل الثاني الحاجة إلي الأبوة:,3,s1,محتوى,1,75,p,المواجهة بالأخطاء لابد ألا تنسي إظهار محاسن ومميزات الأبناء، مع تشجيع الأبناء على قبول العتاب؛ لأن من حق الأبناء أن يخطئوا، لأنهم ما زالوا يتعلمون ويحاولون، والله يحبهم ويفرح بجهادهم الروحي، وتوبتهم، ومحاولتهم إصلاح أخطائهم.,,,
victory_over_weakness,ch3,الفصل الثاني الحاجة إلي الأبوة:,3,s1,محتوى,1,76,p,المواجهة ينبغي أن تكون بحكمة واتزان واتفاق بين الوالدين؛ لأن عدم الاتفاق يسبب اضطراب للأبناء، خاصاً لو تدخل الجدود بآراء أخري.,,,
victory_over_weakness,ch3,الفصل الثاني الحاجة إلي الأبوة:,3,s1,محتوى,1,77,p,ومن المشجع للأبناء أن يقبلوا المواجهة، أن يكون الوالدان مستعدين لقبول مواجهة أبنائهم لهم في أخطائهم، باتضاع واتساع قلب.,,,
victory_over_weakness,ch3,الفصل الثاني الحاجة إلي الأبوة:,3,s1,محتوى,1,78,p,يلزم أيضاً مع المواجهة طول الأناة، فلا يتوقع الوالدان سرعة تغيير الأبناء لسلوكهم وكلامهم، الذي لا يرضى الآباء. والاستمرار في التشجيع، والتماس الأعذار للأبناء، يجعل المواجهة مقبولة ومحبوبة من الآباء لأبنائهم.,,,
victory_over_weakness,ch3,الفصل الثاني الحاجة إلي الأبوة:,3,s1,محتوى,1,79,p,كان هذا الرجل قد سافر إلى أمريكا ليعمل فيها، ويدبر احتياجات أسرته، نتيجة ارتفاع الأسعار، وزيادة النفقات.,,,
victory_over_weakness,ch3,الفصل الثاني الحاجة إلي الأبوة:,3,s1,محتوى,1,80,p,واستطاع أن يوفر لزوجته وأولاده معيشة على مستوى مرتفع. وكان يزورهم كل سنة، والعلاقات طيبة بين الأب وزوجته وأولاده.,,,
victory_over_weakness,ch3,الفصل الثاني الحاجة إلي الأبوة:,3,s1,محتوى,1,81,p,بعد سنوات اكتشف الأب أن ابنه الشاب يتعاطى مخدرات، وكانت صدمه شديده له، ولكنه تماسك، وقال لابنه:,,,
victory_over_weakness,ch3,الفصل الثاني الحاجة إلي الأبوة:,3,s1,محتوى,1,82,p,تعالي يابني نروح للدكتور فيكتور سامي الأخصائي النفسي؛ لإني عاجز عن التفكير.وذهب الاثنان إلى الطبيب، وفي مكتب الطبيب جلس الأب أمام ابنه، وبدأ يكلمه، أمام الدكتور فيكتور، ويقول له:,,,
victory_over_weakness,ch3,الفصل الثاني الحاجة إلي الأبوة:,3,s1,محتوى,1,83,p,"انا سافرت وتعبت وشقيت واحتملت الغربه، والإحساس بالوحدة,عشان اوفر لك أنت، والبيت كله احتياجاتكم على أحسن حال .. إيه اللي ناقصك يابني عشان تروح تشرب مخدرات، أنا قصرت في حقك في إيه..، إيه اللي نقصته في رعايتي ليك؟",,,
victory_over_weakness,ch3,الفصل الثاني الحاجة إلي الأبوة:,3,s1,محتوى,1,84,p,"طوال هذه المواجهة الطويلة كان الابن ينظر نحو الأرض في صمت ،وعند انتهاء الأب من كلامه ،,رفع الشاب وجهه ،وقال لأبيه:",,,
victory_over_weakness,ch3,الفصل الثاني الحاجة إلي الأبوة:,3,s1,محتوى,1,85,p,كان ناقصني انت يا بابا .. يا ريت كنا عشنا فقرا بس فضلت جنبي .. تحس بيا وتشجعني وتوجهني زي ما انت عايز.. أشوف وشك كل يوم ،واسمع كلامك، حتى لو زعلت من توبيخك.. بس تبقي جنبي…استمر الشاب في حديث طويل ،والأب نكس رأسه، وأخذ ينظر إلى الأرض في حسرة وحزن وخجل، وبعد أن انتهى الابن من كلامه ،رفع الأب رأسه،وقال لأبنه:,,,
victory_over_weakness,ch3,الفصل الثاني الحاجة إلي الأبوة:,3,s1,محتوى,1,86,p,سامحني يابني أنا غلطت في حقك كتير، ومش هسيبك أبداً.. هبينلك محبتي، و هقولك على أخطائك،عشان تبقي أحسن شاب في الدنيا.ورد الشاب بقوة ،وقال لأبيه:,,,
victory_over_weakness,ch3,الفصل الثاني الحاجة إلي الأبوة:,3,s1,محتوى,1,87,p,وانا هبطل الحشيش من دلوقتي ،مادام هتفضل جنبي يا بابا ،تكلمني وتقولي علي كل حاجه.ثم قام الأب وابنه، وتعانقا في حب شديد، أما الدكتور فيكتور فقال لهم:مبروك ما أحلى هذه المواجهة ،وطلب منهم أن يراهم مرة واحدة بعد هذا، ليطمئن عليهم.,,,
victory_over_weakness,ch3,الفصل الثاني الحاجة إلي الأبوة:,3,s1,محتوى,1,88,p,عاد الأب وابنه إلى بيتهما بمشاعر جديدة ،وعلاقة جديدة والتصقا بالله والكنيسة ،وتمتع كل منهما بالآخر.,,,
victory_over_weakness,ch3,الفصل الثاني الحاجة إلي الأبوة:,3,s1,محتوى,1,89,p,الحاجة إلى اتخاذ القرارأنا أريد حريتي، بل أيضاً أريد أن اكون شخصية مستقلة لا تعتمد على آخرين. هذا هو شعور الطفل ،عندما يصل الى مرحلة الطفولة المتأخرة ،ثم مرحلة المراهقة، ولكن رغم هذا ،فهو يشعر بضعفه، واحتياجه لمساندة من حوله، خاصاً والديه الذان يثق أنهما يحبانه.,,,
victory_over_weakness,ch3,الفصل الثاني الحاجة إلي الأبوة:,3,s1,محتوى,1,90,p,هنا تظهر حكمة ومرونة الوالدين، فيتقدم الأب مثلاً، ويظهر لأبنه حريته في اتخاذ القرار الذي يستريح إليه، ويقول له: أنني يمكنني أن أعرض عليك بعض اقتراحات ،ولك الحرية أن تختار ما تراه، وعلي قدر إحساس الابن بمحبة وحنان أبيه، سيفرح بسماع اقتراحاته ،لأنه يشعر بعجز وضعف أمام اتخاذ القرار السليم.,,,
victory_over_weakness,ch3,الفصل الثاني الحاجة إلي الأبوة:,3,s1,محتوى,1,91,p,وإذا اتخذ الابن قراراً، وشعر الأب أنه قرار غير سليم، يمكن بحكمة أن يقول له: قرارك جميل، أو يقول: تفكيرك يدل على قدرتك على اتخاذ القرار، وهذا شيء يسرني ويفرحني، و لكن هناك رأي آخر يقول كذا ويضع مميزات وعيوب كل رأي، ويقول له :فكر واختار ما تستريح إليه.,,,
victory_over_weakness,ch3,الفصل الثاني الحاجة إلي الأبوة:,3,s1,محتوى,1,92,p,وإذا وجد القرار النهائي له غير سليم، يقول له: لكن أعط فرصة للصلاة والإرشاد من أب اعترافك، أو خادمك، أو أي شخص يحبه الابن، وبهذا يؤجل اتخاذ القرار دون أن يجرح ابنه.,,,
victory_over_weakness,ch3,الفصل الثاني الحاجة إلي الأبوة:,3,s1,محتوى,1,93,p,وإذا كان القرار سليماً يمدحه ويشجعه، فيزداد الابن ثقة في نفسه ،ويفرح بمحبة والده، اما اذا كان القرار بعد كل هذه المحاولات غير سليم، ويضر الابن، يقول الأب بوضوح لابنه: أنت شخصية مستقلة ،وهذا قرارك ،ولكني أخاف عليك من هذا القرار الذي يضرك، وأفضل أن تؤجله، حتى تفكر بهدوء، أي يزداد إظهار ضيق الأب وخوفه علي ابنه، ومع صلوات الأب في معظم الأحيان، أو كلها يتراجع الابن عن قراره.,,,
victory_over_weakness,ch3,الفصل الثاني الحاجة إلي الأبوة:,3,s1,محتوى,1,94,p,أما إذا لم تكن هناك علاقة محبة وحوار وتفاهم بين الابن وأبيه، فكل ما سبق لا يفيد ،لأنه لا يمكن أن تنشأ محبة وثقة في لحظة ولكن تحتاج إلى اهتمام ووقت.,,,
victory_over_weakness,ch3,الفصل الثاني الحاجة إلي الأبوة:,3,s1,محتوى,1,95,p,أخطأ أحد الرهبان خطية، فغضب منه رئيس الدير، وطرده من الدير. حاول الراهب أن يقدم توبة ويعتذر، ويتعهد ألا يرجع إلى هذه الخطية، ولكن لم يوافق رئيس الدير.,,,
victory_over_weakness,ch3,الفصل الثاني الحاجة إلي الأبوة:,3,s1,محتوى,1,96,p,ذهب هذا الراهب الحزين الي القديس الأنبا أنطونيوس و،حكى له كل ما حدث، وقدم توبة واضحة أيضاً أمام القديس فطمأنه القديس الأنبا أنطونيوس، وقال له: سأرسل معك خطاب إلى رئيس الدير، وكتب القديس في الخطاب ما يلي:,,,
victory_over_weakness,ch3,الفصل الثاني الحاجة إلي الأبوة:,3,s1,محتوى,1,97,p,كانت سفينة محملة بالبضائع الكثيرة تسير في البحر، فقامت عليها الرياح والأمواج، وفقدت كل البضائع التي فيها، وبقيت فقط السفينة، فأسألك يا رئيس الدير: هل نغرق السفينة لأنها فقدت بضائعها ام نحتفظ بيها؟,,,
victory_over_weakness,ch3,الفصل الثاني الحاجة إلي الأبوة:,3,s1,محتوى,1,98,p,أخذ الراهب الرسالة وأعطاها لرئيس الدير، الذي عندما قرأها فهم ما يقصده الأنبا أنطونيوس، وقبل الراهب في الدير، ودخل ليواصل حياته الرهبانية، ومن ناحية أخرى، شكر رئيس الدير الأنبا أنطونيوس، لأنه باتضاع ومحبة ساعده في اتخاذ القرار السليم نحو هذا الراهب ،وشهد الأنبا أنطونيوس أنه هو الأب الحقيقي الذي يساعد أولاده في اتخاذ القرار، ويحفظ الكل في محبته من حروب الشياطين.,,,
victory_over_weakness,ch3,الفصل الثاني الحاجة إلي الأبوة:,3,s1,محتوى,1,99,p,الحاجة إلى الأبوة الدائمةأن الأبوة التي تشبع كل الحاجات السابقة بالطبع ستكون محبوبة جداً للابن، فيستريح لها، ويتمسك بها، بل تكون سنداً له طوال حياته.,,,
victory_over_weakness,ch3,الفصل الثاني الحاجة إلي الأبوة:,3,s1,محتوى,1,100,p,فالأبوة هي نبع للحنان والحب المستمر، يأخذ منه الابن كلما يحتاج، ولو انشغل الابن عن أبيه، يظل الأب يحبه، وإن عاد إليه في أي وقت يجد أحضانه مفتوحة له.,,,
victory_over_weakness,ch3,الفصل الثاني الحاجة إلي الأبوة:,3,s1,محتوى,1,101,p,قد تتغير طباع الإبن، ويختلف مع أبيه، وقد يتباعد.عنه لفترة ولكن يظل الأب يحب ابنه، ويصلي لأجله ،ويفرح بأن يراه ولو بعد سنين. إن الأبوة مصدرها الله الدائم إلى الأبد، وصورتها الأب على الأرض الدائم طوال حياته في العطاء والحب لأولاده، يعطي لكل من يريد، فيستفيد كل من يلتصق به، ويخسر كل من يهمله.,,,
victory_over_weakness,ch3,الفصل الثاني الحاجة إلي الأبوة:,3,s1,محتوى,1,102,p,لقد كان آدم أبا محبا لبنيه وأحفاده، وهابيل استطاع أن يجلس معه هو وحواء وتتلمذ على يديهما ،وعلم أسراراً لا نعرفها عن الله كانت بينهما وبين الله قبل السقوط، وكشف آدم وأيضاً حواء لهابيل ما حدث لهما عند السقوط في الخطية، ليحترس. وأطاعهما وتمتع طوال حياته ببنوته لهما. أما قايين فلم يهتم أن يتتلمذ مثل هابيل، فكانت له أفكاره الخاصة الشريرة، التي ظهرت فيما بعد في غيرته من هابيل الذي أطاع الله وأبيه آدم، وقدم قرباناً كما تعلم من أبيه ،أي ذبيحة ،كما أمر الله، فقبلها الله ،ولكنه لم يقبل قربان قايين، الذي قدم بعض المزروعات ولم يطع كلام أبيه ٱدم، وانتهت القصة بقتله لهابيل أخيه، رغم تحذيرات الله له، وانفصل عن الله، وسار في الشر وارتبط شيث ثالث أولاد آدم به وبأمه حواء، وتتلمذ على أيديهما ولذا مدحه يشوع بن سيراخ (سي١٩:٤٩19:49) أما أنوش ابن شيث فقد اهتم بالتلمذة على يدي آدم وحواء جديه، ويشهد موسي النبي كاتب سفر التكوين، أنه بولادة انوش ابتدأ أن يدعى باسم الرب( تك٢٦:٤),,,
victory_over_weakness,ch3,الفصل الثاني الحاجة إلي الأبوة:,3,s1,محتوى,1,103,p,واستمرت أبوة آدم لكل أحفاده، منهم من استفاد قليلاً ومنهم من استفاد كثيراً. ومن أبرز الأحفاد الذين تمتعوا بالتلمذة على أيدي آدم وحواء،أخنوخ سابع الأحفاد لآدم الذي سار مع الله ولم يوجد، لأن الله أخذه، وهو يعيش الأن مع الله في مكان ما لا نعلمه، ليكمل ما تعلمه من آدم جده عن الله( تك٢٤:٥),,,
victory_over_weakness,ch3,الفصل الثاني الحاجة إلي الأبوة:,3,s1,محتوى,1,104,p,هذا الشاب الصغير اعترف عند أحد الآباء، وارتبط به في أبوة واضحة. وبعد سنوات، تأثر بآراء مختلفة، واختلف مع أب اعترافه في هذه الآراء. ثم زادت الأفكار عند هذا الابن، حتى أنه تباعد عن أبيه، وذهبت شكوى إلى البابا ضد أبيه، وحضر أحد الأساقفة وحقق في الموضوع، ووجد الشكوى غير صحيحة، ومازال الأب يحب ابنه ويصلي لأجله، والابن يظل في مقاطعته لأبيه.,,,
victory_over_weakness,ch3,الفصل الثاني الحاجة إلي الأبوة:,3,s1,محتوى,1,105,p,ثم سافر الابن خارج مصر، وبدأ يعاني مشاكل المهاجرين، وبعد سنتين علم أب اعترافه أنه يعاني من مشاكل ومتاعب كثيرة، فاتصل به بعد أن صلى، فتحدث معه الابن، واشتكى له متاعبه، وعادت العلاقة بينهما وكأن شيئاً لم يحدث. وتعمقت العلاقة وازدادت أكثر من ذي قبل ،واستمرت طوال العمر، والأب يصلي من أجل ابنه ويحبه ،والابن مرتبط بأبيه بشدة. إنها الأبوة التي تجتاز كل العقبات وتدوم.,,,
victory_over_weakness,ch4,الفصل الثالث الله أبونا,4,s1,محتوى,1,1,h2,الفصل الثالث الله أبونا,,,
victory_over_weakness,ch4,الفصل الثالث الله أبونا,4,s1,محتوى,1,2,p,"إن كان الله قد دعانا أن نصلي له قائلين "" أبانا الذي.."" فهو إذاً يعلن أنه أبونا، كما ذكر بولس الرسول في رسالته إلى أهل تسالونيكي ( 2تس16:2) ويذكر أيضاً أن الله أبينا في (1تس13:3). فماذا تعني أبوة الله لنا؟ إنها تعنى أموراً كثيرة يصعب حصرها، ولكن نبينها في النقاط التالية:",,,
victory_over_weakness,ch4,الفصل الثالث الله أبونا,4,s1,محتوى,1,3,p,الأصل:إن الله أبينا الذي أحبنا من قبل تأسيس العالم، أي منذ الأزل، وأظهر أبوته لنا في خلق العالم لنا، ثم اهتمامه بنا بعد أن خلقنا.,,,
victory_over_weakness,ch4,الفصل الثالث الله أبونا,4,s1,محتوى,1,4,p,وهو أصل الأبوة التي وهبها لكل أب وأم، فكل أب يحمل مشاعر طبيعية جميلة نحو من ولده، أما الأمومة فقد جعلها الله غريزة في النساء؛ كل هذا ناتج من الله الذي فيه الأبوة الكاملة، ويمنحها لأبنائه البشر على قدر ما يلتصقون به.,,,
victory_over_weakness,ch4,الفصل الثالث الله أبونا,4,s1,محتوى,1,5,p,والأبناء يرون الله في والديهم، فيحبون الله غير المنظور في والديهم المنظورين، فهما صورة واضحة للأبوة المكتسبة من الله.,,,
victory_over_weakness,ch4,الفصل الثالث الله أبونا,4,s1,محتوى,1,6,p,وإذا اختار الله أحد الوالدين، فانتقل إلى السماء، فهو يحل بنفسه مكان الأب، أو الأم إن كان الإبن قد عرف الله من خلال والديه، وأحب الكنيسة، فيشعر بعلاقة عميقة مع الله، ليس فقط تعوضه عن أبيه، أو أمه، بل تميزه عن كل من حوله، فيصير ناجحاً في كل خطواته.,,,
victory_over_weakness,ch4,الفصل الثالث الله أبونا,4,s1,محتوى,1,7,p,إن يوسف الصديق فقد أمه وهو طفل، فارتبط بالله وأباه يعقوب، وأحبه يعقوب أكثر من باقي إخوته، وشبع من محبة الله الذي ميزه بالأحلام التي تعلن عطايا إضافية، يتمتع بها الإبن يوسف، الذي أحب الله أكثر من المعتاد.,,,
victory_over_weakness,ch4,الفصل الثالث الله أبونا,4,s1,محتوى,1,8,p,لما فقد يوسف أباه أيضاً عندما باعه إخوته عبداً، وسافر إلى مصر، تعلق بالله أبيه، فصار ناجحاً في كل شيء؛ لأن الرب كان معه في كل أعماله، فصار رئيساً للعبيد في بيت فوطيفار، ثم ثبت في الطهارة أمام إمرأة فوطيفار الشريرة. وحتى في السجن كان معه، فتميز بين المسجونين، فصارت له أعمالاً كبيرة. أما على عرش مصر، فأعطاه الله حكمة؛ ليقود مصر،ويجعلها أكثر غنى وقوة، بل يشبع العالم كله بقوة الله، إذ أتى إليه الذين يعانون من المجاعة، مثل إخوته الذين أتوا إليه من الشام.,,,
victory_over_weakness,ch4,الفصل الثالث الله أبونا,4,s1,محتوى,1,9,p,وبأبوة الله صار أباً لإخوته، مع أنه أصغر منهم، ودعاهم للتوبة بحكمته، فتابوا، ثم عرفهم بنفسه، و استضافهم في مصر، هم وأباهم. ومن أجل نقص واحتياج يوسف للأبوة البشرية، صار متميزاً في تعلقه بالله أبيه، وصار أباً لإخوته ولكل المصريين، بل للعالم كله.,,,
victory_over_weakness,ch4,الفصل الثالث الله أبونا,4,s2,2.الخالق:,2,10,h3,2.الخالق:,,,
victory_over_weakness,ch4,الفصل الثالث الله أبونا,4,s2,2.الخالق:,2,11,p,لأن الله خالقنا، فهو يعرف عنا كل شيء، وكل شيء مكشوف وعريان أمامه، حتى أفكارنا ومشاعرنا، فهو وحده القادر أن يحتوينا بأبوته، ويشبع كل شيء فينا، ليست فقط أجسادنا، بل أرواحنا وأفكارنا ومشاعرنا ونياتنا.,,,
victory_over_weakness,ch4,الفصل الثالث الله أبونا,4,s2,2.الخالق:,2,12,p,فإن كان المهندس الذي صمم جهازاً هو أقدر شخص على إصلاحه إذا فسد فيه شيء، ومن هذا نفهم أن الله وحده هو القادر أن يصلح أي خطأ فينا,,,
victory_over_weakness,ch4,الفصل الثالث الله أبونا,4,s2,2.الخالق:,2,13,p,وهو القادر أن يستغل كل قدرة ومهارة في داخلنا؛ حتى لو لم ينتبه إليها الناس؛ لأنه خالقنا، وبالتالي القادر أن يساعدنا ويسندنا في كل عمل صالح.,,,
victory_over_weakness,ch4,الفصل الثالث الله أبونا,4,s2,2.الخالق:,2,14,p,عاش هذا الإبن مع أبيه وأمه في لندن بإنجلترا، وكان الابن الثاني ضمن ثمانية إخوة. وكان هذا الطفل محباً للقراءة بكثرة، وفي سن الثانية عشر قبض على أبيه الموظف؛ لكثرة الديون التي عليه، ودخل السجن. واضطر الإبن تشارلز البالغ من العمر 12 عاماً أن يعمل في مصنع لعلب الورنيش، وكان يلصق عليها ورقة تحمل أسم المنتج والمصنع .وكان يعمل لمدة 10 ساعات يومياً مقابل أجر قليل، يساعد في احتياجات أسرته.,,,
victory_over_weakness,ch4,الفصل الثالث الله أبونا,4,s2,2.الخالق:,2,15,p,ولكن الله وضع داخل تشارلز ميل للقراءة والكتابة، فكان بعد يوم العمل الطويل المجهد، ينام زملاؤه، أما هو فكان يظل مستيقظاً ويحاول أن يكتب مقالات، خاصة وأنه كان يشعر بمعاناة الفقراء لعدم قدرتهم أن يحصلوا على احتياجاتهم الضرورية. فكان يتكلم كلاماً واقعياً مؤثراً.,,,
victory_over_weakness,ch4,الفصل الثالث الله أبونا,4,s2,2.الخالق:,2,16,p,ظل يرسل مقالاته للجرائد والمجلات، ولم يرد عليه أحد، ولكن الله الذي خلقه وضع في قلبه أملاً، فاستمر يكتب، وينام قليلاً، ويواصل العمل الشاق.,,,
victory_over_weakness,ch4,الفصل الثالث الله أبونا,4,s2,2.الخالق:,2,17,p,تنقل تشارلز من عمل إلى عمل، وكلها أعمال صغيرة وحقيرة، ولكن هوايته في القراءة والكتابة استمرت داخله بقوة؛ حتى أنعم عليه الله بخطاب وصل إليه من إحدى المجلات، تشكره على مقالاته، وتعده أن تنشرها له.,,,
victory_over_weakness,ch4,الفصل الثالث الله أبونا,4,s2,2.الخالق:,2,18,p,اتصل تشارلز بالمجلة، وبدأت مقالاته التي يرسلها للمجلة تزداد، والمجلة تشجعه، إلى أن استطاع أن يجد عملاً داخل هذه المجلة، فانتقل إلى عمل محترم يناسبه، ويشجعه على مواصلة القراءة والكتابة.,,,
victory_over_weakness,ch4,الفصل الثالث الله أبونا,4,s2,2.الخالق:,2,19,p,ظل تشارلز يكتب، وتزداد كتاباته؛ حتى صار أعظم الكتاب الإنجليز في زمانه، وهو الكاتب الإنجليزي المعروف تشارلز ديكنز الذي عاش من عام 1812-1870 وسنده الله خالقه وأظهر مواهبه، وجعلها تنمو حتى وصل إلي شهرته العظيمة.,,,
victory_over_weakness,ch4,الفصل الثالث الله أبونا,4,s3,3.الباذل:,3,20,h3,3.الباذل:,,,
victory_over_weakness,ch4,الفصل الثالث الله أبونا,4,s3,3.الباذل:,3,21,p,"الله هو كلي الحب، والمحبة كاملة فيه، واقوى صور الحب هي البذل. أظهر الله أبوته لنا عندما بذل ابنه الوحيد عن العالم لكي لا يهلك كل من يؤمن به بل تكون له حياة أبدية (يو16:3). والمسيح نفسه قال "" ليس لأحد حب أعظم من هذا أن يضع أحد نفسه لأجل أحبائه"" (يو13:15).",,,
victory_over_weakness,ch4,الفصل الثالث الله أبونا,4,s3,3.الباذل:,3,22,p,ومحبة الله الباذلة واضحة أمام أعيننا كل يوم على مذبحه المقدس، في الجسد المقسوم و الدم المسكوب، الذي نتناوله في القداس الإلهي، فنشبع حباً ونتحد به.,,,
victory_over_weakness,ch4,الفصل الثالث الله أبونا,4,s3,3.الباذل:,3,23,p,وأمام هذا الحب، تتحرك مشاعرنا كأبناء لله، فنحبه، ونود الحديث معه في الصلاة والتأمل في كلماته المقدسة، بل تتحرك مشاعرنا أكثر من هذا، ونود أن نقدم له محبة وبذل في خدمة لأولاده البشر. ثم تزداد محبتنا له، حتى أننا نتمنى أن نقدم كل حياتنا له كذبيحة حب على مذبحه المقدس، ونكون في فرح؛ لأنه كلما أحببناه يحبنا أكثر، ويعطينا بركات روحية ومادية تشجعنا في طريق المحبة والبذل.,,,
victory_over_weakness,ch4,الفصل الثالث الله أبونا,4,s3,3.الباذل:,3,24,p,وعندما نسير في طريق محبته، تنفتح عيوننا، فنرى رعايته وحبه لنا في كل خطواتنا، ونكتشف تدبيره الإلهي؛ لكيما يقربنا إليه، فيزداد إحساسنا به، وتعلقنا بشخصه.,,,
victory_over_weakness,ch4,الفصل الثالث الله أبونا,4,s3,3.الباذل:,3,25,p,أحب هذا الشاب الله وارتبط بكنيسة الأنبا أنطونيوس بشبرا، وتتلمذ على يدي نظير جيد (البابا شنودة الثالث)، وأحب الخدمة، وتمتع بافتقاد ورعاية أولاده، فتدرج في الخدمة، وصار أحد أمناء مدارس الأحد في الكنيسة.,,,
victory_over_weakness,ch4,الفصل الثالث الله أبونا,4,s3,3.الباذل:,3,26,p,وكان متعلقاً بالصلوات، فكان من أوائل الذين حضروا أسبوع الآلام في دير السريان عام 1947، عندما ذهب مع نظير جيد، وأمين نصر( الأنبا أرسانيوس أسقف المنيا السابق). وكان أول من زار دير الأنبا صموئيل من مدارس الأحد لاكتشافه، عندما ذهب مع نظير جيد وأمين نصر ورؤوف جرجس ( أبونا يوحنا المقاري).,,,
victory_over_weakness,ch4,الفصل الثالث الله أبونا,4,s3,3.الباذل:,3,27,p,ثم انتقل إلى الزقازيق تبعاً لعمله، واهتم بالخدمة في كنائسها، وكان أميناً عاماً للخدمة هناك لمدة عشرة سنوات. وبعد هذا تمت سيامته كاهناً في الزقازيق، فأظهر محبة وبذل كثير، رغم أنه من صغره كان يعاني من مرض في القلب.,,,
victory_over_weakness,ch4,الفصل الثالث الله أبونا,4,s3,3.الباذل:,3,28,p,أرسله البابا شنودة؛ ليؤسس أول كنيسة في نيويورك في أمريكا، فأخذ معه معلم لتعليم الألحان، وكتب لتأسيس مكتبة، وكل البرامج التي تحتاجها الكنيسة منذ بدايتها. وبعد خمسين يوماً، وكانت ليلة عيد مارمرقس، سهر طول الليل، حتى أتم كتابة أول عدد من المجلة الروحية؛ لتعليم الشعب، ثم عجن القربان وأعده، ثم صلى القداس الإلهي، وكان ذلك يوم 8 مايو عام 1972م، وبعد القداس خرج لافتقاد أسرة من أسر الكنيسة، ثم اتجه لزيارة أسرة ثانية، وفي الطريق شعر بألم في القلب، وارتفعت روحه إلى السماء في راحة وفرح، بعد أن بذل حياته من أجل محبة المسيح؛ هذا هو القمص انطونيوس باقي.,,,
victory_over_weakness,ch4,الفصل الثالث الله أبونا,4,s3,3.الباذل:,3,29,p,4.القائم بالحماية:,,,
victory_over_weakness,ch4,الفصل الثالث الله أبونا,4,s3,3.الباذل:,3,30,p,لأن الله هو الذي خلقنا، فهو أكثر شخص يفهم ضعفاتنا وقوتنا، فيستطيع أن يحمينا من كل شر، ويستخدم قدراتنا أحسن استخدام.,,,
victory_over_weakness,ch4,الفصل الثالث الله أبونا,4,s3,3.الباذل:,3,31,p,والله يحمينا، ليس فقط من الخارج، أي من الاعداء الذين حولنا ،ولكن يحمينا أيضاً من أنفسنا أو بمعني أدق من حروب الشيطان التي تحارب أفكارنا ومشاعرنا. فإن كان الشيطان أقوى منا في العقل والقدرات، ولكنه لا شيء أمام الله الذي خلقه وبالتالي يستطيع أن يحمينا منه.,,,
victory_over_weakness,ch4,الفصل الثالث الله أبونا,4,s3,3.الباذل:,3,32,p,الله يحمينا، إما بطرد الشيطان حتى لا يقترب منا، أو يعطينا القوه للانتصار عليه، حتى تزداد ثقتنا في أنفسنا وفي الله، الذي نتكل عليه ،فنستطيع أن ندوس الحيات والعقارب وكل قوات العدو.,,,
victory_over_weakness,ch4,الفصل الثالث الله أبونا,4,s3,3.الباذل:,3,33,p,الله يعطينا أيضاً فهماً وتميزاً واستنارة ،حتى نختار ما يفيدنا ونبتعد عما يضرنا، بل أيضاً نميز ما تكون نهايته إيجابية لنا ،وما تكون نهايته مؤذية لنا ،فنهرب منها.,,,
victory_over_weakness,ch4,الفصل الثالث الله أبونا,4,s3,3.الباذل:,3,34,p,إن الله هو قوتنا وحصننا الذي نحتمي فيه، هو ملجأنا في الشدة، ومعيننا في كل ما يصعب علينا، لذا فهو الذي يعطينا الطمأنينة والسلام على الدوام.,,,
victory_over_weakness,ch4,الفصل الثالث الله أبونا,4,s3,3.الباذل:,3,35,p,وصل إلى الملك سلوقس الذي يملك على كل سورية أن الخزانة في هيكل الرب بأورشليم مملوءة بالذهب والأموال، فأرسل وزيره الأول هليودورس ليأخذها. وحاول رئيس الكهنة أونيا أن يقنعه أن هذه الاموال ليست كثيرة وهي ودائع لأجل الأرامل والأيتام ولكنه أصر علي أخذها، فارتفعت صلوات الكهنة والشعب كله، ليحمي الله هيكله ،ويحفظ أموال أولاده المحتاجين.ودخل هليودورس بكبرياء ومعه ضباطه وجنوده الى الخزانة، فهجم عليه فارس بفرسه، وضربه بحوافره الذهبية، فسقط علي الأرض، ثم ظهر أيضاً ملاكين بثياب بيض، و ضريا هليودورس ضرباً عنيفاً، حتى كاد يموت، ثم قال له: اطلب من رئيس الكهنة أن يصلي من اجلك، لتشفي. فطلب بإنكسار، فصلي أونيا لأجله ،ثم أقامه معاونيه ،وغادر أورشليم ،وعاد إلى الملك وقال له :إن الله يدافع عن هيكله .وسأله الملك من نرسل ليأخذ الأموال ؟قال له إن كان لك عدو فأرسله، وهكذا ظهرت قوة الله التي لا يمكن التغلب عليها. (مكابيين الثاني الإصحاح الثالث),,,
victory_over_weakness,ch4,الفصل الثالث الله أبونا,4,s3,3.الباذل:,3,36,p,٥- حلال المشاكل,,,
victory_over_weakness,ch4,الفصل الثالث الله أبونا,4,s3,3.الباذل:,3,37,p,الإنسان بجهله يقع في مشاكل كثيرة، يعجز عن حلها، وإذا حاول حلها قد تتعقد، وإذا استعان بمن حوله، قد يجد من يحلها ولو جزئياً وقد لا يجد، فتكون الحيرة والخوف القلق.,,,
victory_over_weakness,ch4,الفصل الثالث الله أبونا,4,s3,3.الباذل:,3,38,p,و الآخرين المحيطين بالإنسان في سعيهم إلى أهدافهم قد يسببوا مشاكل لمن هو في طريقهم، أو متعارض مع أهدافهم، بالإضافه إلى الاشرار الذين يفرحون باختلاق المشاكل، ليظهروا عجز من حولهم. كل هذا يبين كثرة المشاكل التي يمكن أن تأتي على الإنسان، وبالتالي احتياجه لله الذي يرفع عنه هذه المشاكل، ويحلها له.,,,
victory_over_weakness,ch4,الفصل الثالث الله أبونا,4,s3,3.الباذل:,3,39,p,والشيطان إذا وجد الإنسان ينزعج وينشغل بالمشاكل، ولا يسرع للالتجاء إلى الله لا يتركه ويظل يختلق له مشاكل كبيرة أو صغيرة، بغرض إبعاده عن الله، ومعاناته من المشاكل تظل هي سبب دائم لتذمره، وسقوطه في خطايا كثيرة .,,,
victory_over_weakness,ch4,الفصل الثالث الله أبونا,4,s3,3.الباذل:,3,40,p,هنا تظهر الحاجة الشديدة إلى الله، الذي يسهل عليه حل جميع المشاكل، بل تحويل المشاكل إلي أمور مفيدة لحياة الإنسان، وهو قادر أن يخرج من الآكل أكلاً ومن الجافي حلاوة كما قال شمشون (قض14:) ،والله وحده هو الذي لا يعسر عليه أمر، وكل من ارتبط بالله في الكنيسة يستطيع أن يعبر فوق كل المشاكل ،بل ويختبر يد الله المساعدة، فتزداد علاقته بالله عمقاً ويمجد الله.,,,
victory_over_weakness,ch4,الفصل الثالث الله أبونا,4,s3,3.الباذل:,3,41,p,كان أبونا متاؤس السرياني وهو أحد القديسين المعاصرين ،قد فقد نظره بنسبة كبيرة في نهاية حياته، وأصبح جسده ضعيفاً من الشيخوخة، وكان هناك أحد الرهبان الشباب يخدمه، ويرتب له احتياجاته.,,,
victory_over_weakness,ch4,الفصل الثالث الله أبونا,4,s3,3.الباذل:,3,42,p,وفي ظهر أحد الأيام تأخر الراهب التلميذ الذي يحضر الطعام لأبونا متاؤس، ولأن أبونا كان يعاني من مرض السكر، بدأ يشعر بالتعب لنقص السكر، وأصبح معرضاً لفقد وعيه، فصلي بحرارة إلى الله لينقذه، ويحل مشكلته ،وتوسل إلى صديقته امنا العذراء، لتشفع فيه أمام الله.,,,
victory_over_weakness,ch4,الفصل الثالث الله أبونا,4,s3,3.الباذل:,3,43,p,فوجد صوت امرأة يكلمه ،ويقول له:,,,
victory_over_weakness,ch4,الفصل الثالث الله أبونا,4,s3,3.الباذل:,3,44,p,متخافش يا أبونا أنا معاك. فقال لها:مين معايا؟ فقالت له:أنا أمك العدرا وجبتلك الأكل معايا يلا عشان أأكلك ،واديني جبتلك ترابيزة، وحطيطلك الطبق عليهاوبدأت العذراء تطعم أبونا متاؤس، حتى فرغ الطبق، فشكرها جداً، ولكنها قالت له:,,,
victory_over_weakness,ch4,الفصل الثالث الله أبونا,4,s3,3.الباذل:,3,45,p,استني انت لسه محلتش.وبدأت تقشر له البطيخ ،وألقت القشر في سلة القمامة واخذت تطعمه قطعة قطعة في فمه، حتى، شبع ثم سلمت عليه ،وانصرفت.,,,
victory_over_weakness,ch4,الفصل الثالث الله أبونا,4,s3,3.الباذل:,3,46,p,بعد قليل ،وصل تلميذه ،واعتذر له عن التأخير في إحضار الطعام، فقال له ابونا:,,,
victory_over_weakness,ch4,الفصل الثالث الله أبونا,4,s3,3.الباذل:,3,47,p,أنا أكلت. فتعجب التلميذ، وقال له:إزاي يا أبونا، فقال له أبونا متاؤس:العدرا أكلتني وحليت بطيخ.ونظر التلميذ إلى سلة القمامة فوجد قشر البطيخ، فتأكد التلميذ من صدق أبونا، لأنه ظن أن أبونا من ضعف وقلة السكر يكون قد فقد تركيزه فأعتذر ثانيه وقال له:,,,
victory_over_weakness,ch4,الفصل الثالث الله أبونا,4,s3,3.الباذل:,3,48,p,يا بختك يا أبونا بالعدرا حبيبتك.٦- المعطي,,,
victory_over_weakness,ch4,الفصل الثالث الله أبونا,4,s3,3.الباذل:,3,49,p,ظهرت محبة الله في أنه خلق الإنسان، ليتمتع بصداقة الله، ويشبع من حبه، ولذا سمي الله محب البشر.,,,
victory_over_weakness,ch4,الفصل الثالث الله أبونا,4,s3,3.الباذل:,3,50,p,الله عطاياه كثيرة لأولاده البشر، فهو يعطي جميع البشر، الشمس ،والقمر، والهواء ،والأرض الثابتة التي يمشون عليها…,,,
victory_over_weakness,ch4,الفصل الثالث الله أبونا,4,s3,3.الباذل:,3,51,p,يعطي أولاده المرتبطين به عطايا أكبر، فيعطيهم بسخاء، كما بارك لإبراهيم، فصار له ماشية كثيرة، وعبيد وجواري كثيرين، واعطي لإسحاق عندما زرع في جرار، أن يأخذ محصولاً من الأرض التي زرعها مائة ضعف (تك12:26) .وأعطي يوسف أن يصير أعظم رجل في مصر بعد فرعون.,,,
victory_over_weakness,ch4,الفصل الثالث الله أبونا,4,s3,3.الباذل:,3,52,p,أما في العهد الجديد ،فلم يعط فقط العطايا المادية، بل أعطي ما هو أهم، وهو العطايا الروحية. وأعطي بولس أن يرتفع إلى السماء ،ويرى أمورا لا يعبر عنها (2كو2:12-4) .,,,
victory_over_weakness,ch4,الفصل الثالث الله أبونا,4,s3,3.الباذل:,3,53,p,إنه يعطي أولاده، إذا طلبوا منه عند احتياجهم، أو بدون أن يطلبوا. إنه يعتني بكل أولاده وكريم معهم.,,,
victory_over_weakness,ch4,الفصل الثالث الله أبونا,4,s3,3.الباذل:,3,54,p,إن الله غير محدود، فعطاياه لا نهاية لها. كل هذا على الأرض. أما عطاياه في السماء لهم فهي أكبر من أن يصفها احد.,,,
victory_over_weakness,ch4,الفصل الثالث الله أبونا,4,s3,3.الباذل:,3,55,p,تعود ابونا ابرآم الصموئيلى أن يوزع على المحتاجين بمناسبة العيد عطايا كثيرة ،ولا يرد أحداً.,,,
victory_over_weakness,ch4,الفصل الثالث الله أبونا,4,s3,3.الباذل:,3,56,p,وفي أحد المرات، بعد ان وزع على كل الذين أتوا إليه في الكنيسة، حضر شخص متأخراً، وقال له: أنا أسف تأخرت ولكني محتاج، فنادي علي الخادم الذي يساعده، وقال له:,,,
victory_over_weakness,ch4,الفصل الثالث الله أبونا,4,s3,3.الباذل:,3,57,p,اديله حاجة من خيرات الله. أجاب الخادم وقال لأبونا:يا أبي المخزن فضي، وانا مسحته، ولا يوجد شيء عندنا. فأجاب أبونا بإصرار:روح افتح المخزن واديله اللي تلاقيه من خيرات الله.أطاع الخادم كلام أبونا، وذهب وفتح المخزن الذي كان قد نظفه ومسحه، وإذا به يجده مملوءاً من خيرات الله، فتعجب جداً، وشكر الله وأحضر من خيرات الله، واعطي المحتاج الذي شكر وانصرف.,,,
victory_over_weakness,ch4,الفصل الثالث الله أبونا,4,s3,3.الباذل:,3,58,p,إن الله عجيب، وخيراته لا تنتهي.,,,
victory_over_weakness,ch4,الفصل الثالث الله أبونا,4,s3,3.الباذل:,3,59,p,٧- محب الخطاة,,,
victory_over_weakness,ch4,الفصل الثالث الله أبونا,4,s3,3.الباذل:,3,60,p,الله يحب أولاده البشر وكل خلائقه، ولكن العجيب أنه يحب البشر وهم مازالوا في الخطية، ويشجعهم حتى يتوبوا، فيسامحهم عن خطاياهم. إنه لا يحب الخطاة بعدما يتوبوا، بل قبل ان يتوبوا، لأنهم أولاده، حتى لو خدعهم الشيطان، وأسقطهم في خطايا كثيرة.,,,
victory_over_weakness,ch4,الفصل الثالث الله أبونا,4,s3,3.الباذل:,3,61,p,إن الله يطيل أناته على أولاده الخطاة، ويعطيهم فرص متوالية ليرجعوا إليه. يعطيهم بركات مادية، ثم يسمح لهم بضيقات، كل هذا لعلهم يتوبون فيتحنن عليهم، ويرفع عنهم كل أوساخ الخطية.,,,
victory_over_weakness,ch4,الفصل الثالث الله أبونا,4,s3,3.الباذل:,3,62,p,هو يحذر أولاده من السقوط في الخطية، وإذا سقطوا يبحث عنهم ويناديهم للتوبة، وإن لم يستجيبوا يظل يحاول معهم، وإن احتاجوا لأي شيء وطلبوا منه، لا يتأخر عنهم، ومثال لهذا ما فعله الله مع قايين، الذي حذره من خطية الغضب والقتل، ولكنه لم يطع الله، وقتل أخيه، بعدما قتله لم يتب، أو يتأسف لله، بل إن الله هو الذي ذهب إليه يسأله عن اخيه، لعله يتوب، فأجاب ببجاحه وبدون أدب ،و أطال الله أناته منتظراً توبته، ثم دخله الخوف من كل من يقابله، إذ شعر أن كل من يقابله سيقتله، والتجأ إلى الله ليحميه، فأعطاه علامة حتى لا يقتله أحد، وبهذا اعطى له فرص للتوبة.,,,
victory_over_weakness,ch4,الفصل الثالث الله أبونا,4,s3,3.الباذل:,3,63,p,الله يحتمل الخطاة مهما تمادوا في شرهم ،وإذا استجابوا لندائه وتابوا، يرحب بهم. إنها محبة تفوق العقل.,,,
victory_over_weakness,ch4,الفصل الثالث الله أبونا,4,s3,3.الباذل:,3,64,p,كان هناك شخص مسيحي سقط في أخطاء وجرائم كثيرة، ولكنه كان يتحايل ويهرب، ولا يقبض عليه بسبب جرائمه، لشدة حرصه واحتياطاته.,,,
victory_over_weakness,ch4,الفصل الثالث الله أبونا,4,s3,3.الباذل:,3,65,p,أخيراً استجاب لنداء الله بالتوبة ،وراجع نفسه، وأراد أن يترك كل حياة الشر، ويعود لله.,,,
victory_over_weakness,ch4,الفصل الثالث الله أبونا,4,s3,3.الباذل:,3,66,p,كان بالطبع بعيداً عن الكنيسة وأسرارها ،وتمني ان يرجع، ويجد له مكاناً في الكنيسة ويتناول مثل باقي المؤمنين بالله.,,,
victory_over_weakness,ch4,الفصل الثالث الله أبونا,4,s3,3.الباذل:,3,67,p,رغم انه كان بعيد عن الله ،ولكنه كان يحب امنا العذراء، فصلى إلى الله، وطلب شفاعة أمنا العذراء، لترشده إلى من يذهب ليعترف عنده، إذ كان يشعر انه بسبب خطاياه الكثيرة لن يقبله أحد، وبعد صلوات كثيرة أرشده الله أن يذهب إلى الأسقف المسؤول عن المنصورة وما حولها من البلاد، فقام وذهب إليه لأنه سمع عنه أنه شخص طيب، وطويل الأناة. من ناحية أخري كان هذا الأسقف راهباً ناسكاً مجاهداً في طريق الحياة الروحية، وكان يلبس المسوح (أقمشة خشنة) علي جسده تحت ملابسه، وكان منضبطاً في احتياجاته، ومحبا للجميع، فاختاره الأب البطريرك، ورسمه اسقفاً على المنصورة.,,,
victory_over_weakness,ch4,الفصل الثالث الله أبونا,4,s3,3.الباذل:,3,68,p,بعد سنوات في الأسقفية تمزقت المسوح، ولم يعد ممكناً للأسقف أن يلبسها. سقط الأسقف في حيرة، إنه لا يستطيع أن يقول لأحد إنه يلبس المسوح ،لأن هذا سر بينه وبين الله، ولا يريد أيضاً أن يتنازل عن لبس المسوح، لأنه وسيلة للتقشف والاتضاع أمام الله ،فطلب من تلميذه أن يحضر جوال (شوال) ،فأحضره في طاعة، وهو لا يعرف السبب، ثم أخذ الأسقف وهو جالس وحده يصلي، ويطلب من العذراء أن ترشده، كيف يلبس المسوح، فظهرت له وقالت:,,,
victory_over_weakness,ch4,الفصل الثالث الله أبونا,4,s3,3.الباذل:,3,69,p,مالك متضايق. وقال لها:مش عارف أعمل إيه في الشوال و البسه ازاي؟فقالت له العذراء:,,,
victory_over_weakness,ch4,الفصل الثالث الله أبونا,4,s3,3.الباذل:,3,70,p,انا ست وأعرف الخياطه هات الشوال.فأمسكته وفتحته إلى أسفل، فرشمت العذراء علي الشوال بعلامة الصليب، فصارت في الشوال فتحة من الوسط ،وفتحتين من الجانبين، ثم انصرفت.,,,
victory_over_weakness,ch4,الفصل الثالث الله أبونا,4,s3,3.الباذل:,3,71,p,فرح الأسقف جداً ولبس الشوال تحت ملابسه.,,,
victory_over_weakness,ch4,الفصل الثالث الله أبونا,4,s3,3.الباذل:,3,72,p,ذهب المجرم التائب إلى الأسقف الذي استقبله رغم معرفته بخطاياه وطلب المجرم أن يعترف بخطاياه ،فشجعه الأسقف، واعترف بكل شر عمله وصلي له الحل بغفران خطاياه.,,,
victory_over_weakness,ch4,الفصل الثالث الله أبونا,4,s3,3.الباذل:,3,73,p,بعد انتهاء سر الاعتراف، استأذن المجرم من الأسقف ليسمح له بالتناول من الأسرار المقدسة ،فقال له الأسقف:,,,
victory_over_weakness,ch4,الفصل الثالث الله أبونا,4,s3,3.الباذل:,3,74,p,لسه مش دلوقتي، لما تقعد شويه تايب.تأثر المجرم وسالت دموعه ،وقال للأسقف:,,,
victory_over_weakness,ch4,الفصل الثالث الله أبونا,4,s3,3.الباذل:,3,75,p,أنا متناولتش بقالي كتير قوي، ونفسي أتناول عشان المناولة تسندني.ولكن الأسقف أصر، وقال له:,,,
victory_over_weakness,ch4,الفصل الثالث الله أبونا,4,s3,3.الباذل:,3,76,p,روح دلوقتي لازم تقضي فترة توبة و صلاة وإنجيل، وبعد كده هقولك إمتي تتناولانصرف المجرم التائب ،وهو حزين، ورجع إلى بيته.,,,
victory_over_weakness,ch4,الفصل الثالث الله أبونا,4,s3,3.الباذل:,3,77,p,وفي بيت المجرم ارتفعت صلواته وعتابه لأمه العذراء، طالباً منها احتياجه الشديد للتناول، وأخذ يلح عليها بدموع كثيرة، وفجأه ظهرت العذراء له وقالت له:,,,
victory_over_weakness,ch4,الفصل الثالث الله أبونا,4,s3,3.الباذل:,3,78,p,مالك ما خطاياك غفرها ربنا في سر الاعتراف. فقال لها المجرم:انا نفسي أتناول .. انا حرمت نفسي سنين طويلة.فقالت العذراء له بحنان:,,,
victory_over_weakness,ch4,الفصل الثالث الله أبونا,4,s3,3.الباذل:,3,79,p,روح للأسقف بكرة وقوله الخياطة بتاعتك بتقولك اتحنن على الراجعين لله بالتوبة.فرح المجرم وفي اليوم التالي ذهب إلى الأسقف وأبلغه برسالة العذراء،ففهم الأسقف وأعطاه الحل أن يتناول، فشكره وشكر أمنا العذراء وبدأ حياة جديدة، بعد أن تناول من الأسرار المقدسة.,,,
victory_over_weakness,ch5,الفصل الرابع صفات الأب,5,s1,محتوى,1,1,h2,الفصل الرابع صفات الأب,,,
victory_over_weakness,ch5,الفصل الرابع صفات الأب,5,s1,محتوى,1,2,p,صفات الأبوة كثيرة يصعب حصرها ،ولكن قدر الإمكان يمكن إظهارها في الصفات التالية:,,,
victory_over_weakness,ch5,الفصل الرابع صفات الأب,5,s1,محتوى,1,3,p,الحب المجاني كل انسان محتاج للحب ،بل ويحتاجه في كل وقت ،ولا يستطيع أن يجده على الدوام من أي شخص إلا الأب، الذي يستمد أبوته من الله غير المحدود.,,,
victory_over_weakness,ch5,الفصل الرابع صفات الأب,5,s1,محتوى,1,4,p,الأب يجد نفسه في ابنه، الذي هو امتداد طبيعي له، لذا يعطيه مجاناً محبته، ولا ينتظر مقابل .وإن شجع ابنه على التجاوب معه، فلأجل أن يكتسب الابن صفة المحبة والعطاء.,,,
victory_over_weakness,ch5,الفصل الرابع صفات الأب,5,s1,محتوى,1,5,p,محبة الآب تظهر في حنانه على ابنه، ليكمل له احتياجاته، و يسنده، ويشجعه على العبور فوق مشاكل الحياة، فيسهل له الطريق الصعب، ويمهد له خطواته ،فلا يشعر بمشاكل، أو بمعنى أدق يشعر أن أباه يفتح له أي طريق صعب، ويعطيه أن ينطلق في حياته بلا عوائق.,,,
victory_over_weakness,ch5,الفصل الرابع صفات الأب,5,s1,محتوى,1,6,p,ويظل عطاء الأب المجاني لابنه طوال حياته، وخاصةً في صغره. وعندما يكبر الابن يحتاج لأنواع جديدة من المحبة، وإن خجل أن يطلبها من أحد، لكنه بارتياح يطلبها من أبوه، هذا هو الأب الحقيقي والأم الحقيقية.,,,
victory_over_weakness,ch5,الفصل الرابع صفات الأب,5,s1,محتوى,1,7,p,محبة الآب تلبي احتياجات الابن سريعاً، إلا إذا شعر أن طلبات الابن غير مناسبة في الوقت الحالي، فيؤجلها إلى أن يأتي الوقت المناسب.,,,
victory_over_weakness,ch5,الفصل الرابع صفات الأب,5,s1,محتوى,1,8,p,وإن عجز الأب عن تلبية طلبات أولاده يطمئنهم ويشجعهم، ويصلي إلى الله، ليتدخل ويشبع أولاده.,,,
victory_over_weakness,ch5,الفصل الرابع صفات الأب,5,s1,محتوى,1,9,p,كان أبونا متى كاهناً محباً لشعبه، و يهتم باحتياجات الجميع، فكان محبوباً من أهل بلده، ثم تنيح بسلام.,,,
victory_over_weakness,ch5,الفصل الرابع صفات الأب,5,s1,محتوى,1,10,p,كانت ابنة أبونا متى متزوجة ولها أبناء يعيشون في حالة متوسطة مالياً، ولكن ارتفعت الأسعار، وأصبح الإيراد يكفي بصعوبة احتياجات الأسرة .وكانت حفيدة أبونا متى طالبة في المدرسة، وازدادت الضيقة المالية على الأسرة، فلم تستطع أن تدفع مصاريف السنة الجديدة، ولكن كان الأب والأم يحاولان تدبير المبلغ، ولم يستطيعا.,,,
victory_over_weakness,ch5,الفصل الرابع صفات الأب,5,s1,محتوى,1,11,p,دخلت الحفيدة إلى المدرسة، ونبهت المسؤولة عن الطالبات بضرورة دفع المصاريف وعدم التأخير، فعادت الطالبة إلى المنزل، أبلغت والديها اللذان وعداها بتسديد المصاريف إن شاء الله.,,,
victory_over_weakness,ch5,الفصل الرابع صفات الأب,5,s1,محتوى,1,12,p,استمرت محاولات الوالدين تدبير المبلغ، وحاول الأب أن يستلف، ولكنه عجز، وظلت الصلوات مرتفعة الي الله.,,,
victory_over_weakness,ch5,الفصل الرابع صفات الأب,5,s1,محتوى,1,13,p,في أحد الأيام، عندما ذهبت الطالبة إلى المدرسة أعلنت المسؤولة، أن من لم يدفع المصاريف حت الآن لابد أن يدفعها غداً أو لا يأتي إلي المدرسة، فعادت الطالبة وأخبرت والديها، وارتفعت صلوات أكثر إلى الله، وخرج الأب يبحث بكل اهتمام كيف يستلف المبلغ، ولكنه عاد ليلاً معلناً عجزه. فحزنت الطالبة ولكن استمرت صلوات وتشجيع الوالدين لها، بأن الله لابد أن يتدخل.,,,
victory_over_weakness,ch5,الفصل الرابع صفات الأب,5,s1,محتوى,1,14,p,وقفت الطالبة تصلي وتصرخ إلى الله، وتشفعت بجدها أبونا متى، وقالت له:,,,
victory_over_weakness,ch5,الفصل الرابع صفات الأب,5,s1,محتوى,1,15,p,هيمشوني من المدرسة يا جدو .. مش لو كنت انت عايش كنت رتبت لي المصاريف دي؟نامت الطالبة ودموعها على خديها، وفي الليل ظهر جدها أبونا متي لها في حلم ،وقال لها:,,,
victory_over_weakness,ch5,الفصل الرابع صفات الأب,5,s1,محتوى,1,16,p,مالك يا بنتي زعلانه ليه؟ فقالت لههيمشوني من المدرسة يا جدو علشان مدفعتش المصاريف. فقال لها أبونا متى:متخافيش يا بنتي افتحي إيدك.وفتحت الحفيدة يدها، فوضع فيها جدها كمية من المال، فأغلقت يدها عليها.,,,
victory_over_weakness,ch5,الفصل الرابع صفات الأب,5,s1,محتوى,1,17,p,وفي الصباح استيقظت الطالبة لتجد يدها قابضة على كمية من المال، ولما فحصت الكمية وجدتها هي المصاريف بالضبط. ففرحت جداً وشكرت الله وجدها، وأسرعت توقظ والديها، وتخبرهما، ففرحا جداً وشكرا الله وأبونا متي.,,,
victory_over_weakness,ch5,الفصل الرابع صفات الأب,5,s1,محتوى,1,18,p,الاحتضان الأب ليس فقط يحب أولاده، ولكنه أيضاً يحتضنهم، أي يحتوي كل متاعبهم ،و يريحهم، فهو يشعر بمسؤليته الكاملة مع امهم، عنهم ويظهر هذا الاهتمام بأولاده، ليطمئنهم.,,,
victory_over_weakness,ch5,الفصل الرابع صفات الأب,5,s1,محتوى,1,19,p,هو يقترب إليهم، ويتكلم معهم،ويفرح بأحاديثهم بل وأيضاً باللعب معهم ،ليشعرهم بمحبته ،واهتمامه بمشاعرهم.,,,
victory_over_weakness,ch5,الفصل الرابع صفات الأب,5,s1,محتوى,1,20,p,إنه يلاحظ ليس فقط شكواهم من أي متاعب يقابلونها ،بل أيضاً يراقب كل حياتهم، حتى لا ينزعجوا من شيء ،ويساعدهم أن يكونوا شخصيات مستقرة ناجحة وسط زملائهم. وإذا شعر أن هناك شيء يجرح مشاعرهم، يسرع لإبعاده عنهم وتشجيعهم.,,,
victory_over_weakness,ch5,الفصل الرابع صفات الأب,5,s1,محتوى,1,21,p,إن الأب يفكر في أولاده وفي مستقبلهم، وكل ما يحتاجونه، و يتوقع ما يمكن أن يحدث لهم، مثل أخطاء زملائهم، التي يمكن أن تعثرهم، أو سيطرة بعض الزملاء، أو أي شيء يضايقهم في المدرسة، أو الكلية، أو العمل، فيظهر اهتمامه واحتوائه لكل تحركاتهم بهدوء، مع إطلاقهم في حرية، ليكونوا شخصية مستقلة ناجحة. فإحتضان الأب والأم مساندة دون قيود، تنبيه وإقناع بطول أناة، اهتمام بكل ما يعانون منه.,,,
victory_over_weakness,ch5,الفصل الرابع صفات الأب,5,s1,محتوى,1,22,p,إن الاحتضان يعني في نظر الأب، أو الأم مسؤولية كاملة عن أبناءهم، وهذا بالطبع يسند الأبناء، فيلقون كل متاعبهم عند والديهم، واثقين من محبتهما واهتمامهما، لترتيب أفضل شيء لهم.,,,
victory_over_weakness,ch5,الفصل الرابع صفات الأب,5,s1,محتوى,1,23,p,كان هذا الخادم يمر بجوار ملعب الكنيسة، فوجد بعض الشباب يتكلمون كلمات ردية، فعاتبهم و وبخهم على هذا الكلام، فردوا عليه ببجاحة، بل تطاول أحدهم ولطم الخادم علي خده.,,,
victory_over_weakness,ch5,الفصل الرابع صفات الأب,5,s1,محتوى,1,24,p,لم يتكلم الخادم، بل اتجه نحو الكنيسة، وبعد فترة انتبه الشباب، وعاتبوا الشاب الذي لطم خادمهم، ولكن قال أحدهم لعل الخادم ذهب ليشتكينا لأبونا. هيا بنا لندافع عن أنفسنا.,,,
victory_over_weakness,ch5,الفصل الرابع صفات الأب,5,s1,محتوى,1,25,p,أسرع الشباب وداروا ودخلوا مكتب الكنيسة، فوجدوا الأب الكاهن جالس ومعه أحد الشباب يعترف، ولم يجدوا خادمهم . فدخلوا الكنيسة ليبحثوا عنه، وكانت المفاجأة، أنهم وجدوا خادمهم راكعاً أمام الهيكل يصلي. فخجل الشباب من أنفسهم لأنهم أساءوا إليه إساءة كبيرة.أما هو فركع يصلي لأجلهم، وظلوا واقفين، وأخذوا يصلون إلى الله ليسامحهم.,,,
victory_over_weakness,ch5,الفصل الرابع صفات الأب,5,s1,محتوى,1,26,p,بعد قليل، قام الخادم ونظر خلفه، فوجد الشباب، واقتربوا منه، واعتذروا له بشدة، أما هو فأحتضنهم بأبوة عجيبة.,,,
victory_over_weakness,ch5,الفصل الرابع صفات الأب,5,s1,محتوى,1,27,p,طول الأناة الأب الحقيقي يطيل أناته على أولاده، لأنهم صغار، ولابد أن يعطيهم فرصة، ليتعلموا مهارات وخبرات الحياة، سواء كانوا اطفالاً يتعرفون على المجتمع المحيط بهم، وما يسمعوه ويشاهدوه يعرفوه من خلال الإنترنت والموبايل. أو كانوا مراهقين، يحاولون تكوين شخصية مستقلة لهم، أو كانوا شباب يخرجون إلى المجتمع الواسع.,,,
victory_over_weakness,ch5,الفصل الرابع صفات الأب,5,s1,محتوى,1,28,p,إن الابن من حقه أن يتعرف علي ما حوله، وقد يفسد بعض الأشياء في المنزل، ويحتاج إلى طول أناة، وتوجيهات لا العنف، أو الغضب الشديد.,,,
victory_over_weakness,ch5,الفصل الرابع صفات الأب,5,s1,محتوى,1,29,p,أن الابن معرض للفشل في بعض محاولاته، هذا حقه في الحياة، فلماذا نقهره ونمنعه من كل شيء؟ هنا تظهر طول الأناة والحكمة مع كل ابن، أو ابنة، بحسب ما يناسب ظروفهم وسنهم. إن الموضوع يحتاج الي صلوات واستشارات لنوال خبرات جديدة في تربية الأبناء.,,,
victory_over_weakness,ch5,الفصل الرابع صفات الأب,5,s1,محتوى,1,30,p,وإذا اكتشف الأب عادة، أو طبع ضار في ابنه، يوجهه بلطف، ثم بشكل محدد وواضح، ويبين له الضرر الذي قد يصيبه، ولكن يطيل أناته لأن تغيير أي شيء تعوده الإنسان يحتاج إلى وقت، وقد يظل يعلمه طوال سنين المراهقة، ولا يرى نتيجة إلا في سن الشباب، وما بعده. فثق يا أب وثقي يا أم أن توجيهاتكم و ارشاداتكم لا تضيع هباءاً، ولكن تظهر ثمارها بعد سنوات، مادمت تقدما توجيهاتك بأبوة ومحبة.,,,
victory_over_weakness,ch5,الفصل الرابع صفات الأب,5,s1,محتوى,1,31,p,أتى شاب الى خادمه، وهو الدكتور راغب عبد النور، وكان هذا الشاب يعاني من العادة السرية التي يسقط فيها كثيراً كل يوم، وكان في يأس شديد،تمني أن يتخلص منها، ولكنه كان فاقد رجاءه.,,,
victory_over_weakness,ch5,الفصل الرابع صفات الأب,5,s1,محتوى,1,32,p,جلس معه خادمه الذي كان يكبره بسنوات قليلة، وأخذ يشجعه أن الله قادر أن يرفع عنه هذه الأتعاب؛ لأنه أدرك أن هذه العادة ليست فقط ذات معنى جنسي، ولكن كان لها جزء نفسي من التعود، ومن شدة شك الشاب في نفسه، فكان مستسلماً في ضيقٍ شديد.,,,
victory_over_weakness,ch5,الفصل الرابع صفات الأب,5,s1,محتوى,1,33,p,بعد كلام كثير عن الرجاء وقوة الله، قال الخادم ما رأيك نحاول لمدة يوم واحد أن نطلب معونة الله، أي تصلي أنت وأنا و نشغل أنفسنا بأمور كثيرة مفيدة، وأقابلك غداً في نفس الوقت، وثق أن الله سيسندك.,,,
victory_over_weakness,ch5,الفصل الرابع صفات الأب,5,s1,محتوى,1,34,p,تشجع الشاب، وعاد إلى بيته، وصلى، وقرأ الكتاب المقدس، وطلب معونة الله. أما خادمه الدكتور راغب، فقدم صلوات ميطانيات وجهاد كثير من أجله.,,,
victory_over_weakness,ch5,الفصل الرابع صفات الأب,5,s1,محتوى,1,35,p,في اليوم التالي في نفس الميعاد، تقابل الإثنان، وأعلن الشاب للخادم أنه لم يحدث شيء، فقال له: مبروك إحنا انتصرنا.فقال له الشاب: هذا مجرد يوم واحد. فقال له خادمه: الله الذي كان معنا يوماً يساعدنا يوماً آخر. هيا بنا نصلي و نشغل أنفسنا، ونعتمد على الله، وأقابلك غداً في نفس الميعاد.,,,
victory_over_weakness,ch5,الفصل الرابع صفات الأب,5,s1,محتوى,1,36,p,وتكرر نجاح الشاب في اليوم التالي، فشجعه خادمه، وازدادت ثقته في نفسه، وجرب أيضا يوماً ثالثاً.,,,
victory_over_weakness,ch5,الفصل الرابع صفات الأب,5,s1,محتوى,1,37,p,استمرت المحاولات يوماً فيوماً حتى أكمل الشاب أسبوعاً، وخادمه يصلي لأجله ويشجعه. وبعد هذا، قال له: هل رأيت كم هي قدرة الله الذي رفع عنك هذه العادة لمدة أسبوع، مع أنك كنت تعاني منها لمدة سنوات، فثق أنه يستطيع أن يرفعها عنك على الدوام. امتلأ قلب الشاب سعادة وثقة في نفسه، وشكر خادمه الذي أطال أناته عليه بلطف وتشجيع لم يره من قبل. وقال للخادم: أنت أب حقيقي.,,,
victory_over_weakness,ch5,الفصل الرابع صفات الأب,5,s1,محتوى,1,38,p,الاحتمالمن المؤكد أن أبوة الأب في محبته وطول أناته واحتوائه لأولاده سيعرضه لاحتمال أخطاء ومتاعب متنوعة من أولاده، بعضها لأنهم عاجزون عن إتمام توجيهاته، و احياناً لأنه يجبرهم على أمور لا يحبونها، فيعاندون الأب ويظهرون تمردهم بأشكال كثيرة، تكون ثقيلة على الأب. فكيف يحتمل؟,,,
victory_over_weakness,ch5,الفصل الرابع صفات الأب,5,s1,محتوى,1,39,p,إذا فكر الأب في احتياج أولاده له، وضعفهم، ثم من ناحية أخرى، كيف احتمله الله طوال حياته، سيصمت ويطلب معونة الله، وهو يشكر الله من أجل احتماله لخطاياه ومضاعفاته طوال عمره.,,,
victory_over_weakness,ch5,الفصل الرابع صفات الأب,5,s1,محتوى,1,40,p,إن الاحتمال دليل واضح على محبة الأب والأم، وهذا يؤكد أن الأب والأم لهما علاقة قوية بالله، فيتعلمون منهما، ويساندونهما فيستطيعا أن يحتملوا أبناءهم برضى، وعندما يجدا النتائج التي يتمنونها يفرحان جداً، ويواصلا احتمالهما، حتى نهاية حياتهما، إذ يريا فرحاً في الاحتمال من أجل أكثر من احبا، وهم الأبناء.,,,
victory_over_weakness,ch5,الفصل الرابع صفات الأب,5,s1,محتوى,1,41,p,تمت خطوبة ابنة هذه السيدة، وبدأ التجهيز للفرح، وكانت السعادة متبادلة بين الخطيبين اللذين كانا خداماً بالكنيسة.,,,
victory_over_weakness,ch5,الفصل الرابع صفات الأب,5,s1,محتوى,1,42,p,وقبل ميعاد الفرح بفترة قليلة شعرت الأم بآلام في ثدييها، ولم تشتك أو تتكلم، حتى لا تعكر صفو الخطيبين والأسرتين.,,,
victory_over_weakness,ch5,الفصل الرابع صفات الأب,5,s1,محتوى,1,43,p,استمرت الآلام في ثدييها؛ حتى نزفت دماً ولم تتكلم أيضاً، وكانت تطلب معونة الله، وتنظر إلى المسيح الذي احتمل كل آلام الصليب من أجلها.,,,
victory_over_weakness,ch5,الفصل الرابع صفات الأب,5,s1,محتوى,1,44,p,تم الإكليل وسط سعادة تغمر الجميع، وسافر العروسان. وبعد هذا، كشفت الأم عما تعانيه، فتعجبت أسرتها لشدة احتمالها، وأسرعوا بعرضها على الأطباء، وعمل كل الأشعات والتحاليل، وكانت النتيجة وجود سرطان متقدم في الثدي. لم تنزعج الأم، بل قالت: لتكن مشيئة الله.,,,
victory_over_weakness,ch5,الفصل الرابع صفات الأب,5,s1,محتوى,1,45,p,واصلت الاحتمال وكل إرشادات الأطباء، ولكن بعد فترة قصيرة ارتفعت روحها إلى السماء؛ لتكلل مع القديسين والشهداء الذين احتملوا آلاماً كثيرة من أجل المسيح؛ لتفرح ويعوضها الله عن كل أتعابها.,,,
victory_over_weakness,ch5,الفصل الرابع صفات الأب,5,s1,محتوى,1,46,p,ومازالت قصتها في ذهن أبنائها واحبائها المرتبطين بالكنيسة، بل مكرسين فيها، لأنهم رأوا فيها مثالاً عظيماً يفوق العقل والاحتمال في التضحية.,,,
victory_over_weakness,ch5,الفصل الرابع صفات الأب,5,s1,محتوى,1,47,p,الحزم: إن كان الأب يتميز بالحنان وطول الأناة، لكنه في نفس الوقت يلزم أن يعلن الحق، ويوضح لأولاده خطورة الأخطاء التي يعملونها، ونتائج أي انحراف يسيرون فيه. ولا يترك الأمور غير محددة عندما يعرض عليه أي أمر، بل يعلن رأيه محدداً وواضحاً؛ لأنه إن سار الابن في طريق مخالف لا يستطيع أن يلومه؛ لأنه لم يعلن له التصرف الصحيح. وتأجيل إعلان الحق، معناه تمادي الابن فيما يعمله من أخطاء، حتى أنه يصعب عليه أن يتراجع فيما سار فيه.,,,
victory_over_weakness,ch5,الفصل الرابع صفات الأب,5,s1,محتوى,1,48,p,وينبغي أن يقدم الأب كلامه الحازم بلطف وبصورة مقبولة من الابن، وليس بغضب وتوبيخ شديد ما دام الابن يسأل في بداية الأمر. وتكرار إعلان الحق للإبن، والحوار والتفاهم معه، ولو على عدة جلسات، إن كان الأب لا يستطيع أن يطيل أناته في الحوار؛ هذا كله يبين الحقيقة، ويعطي فرصة للإبن أن يتراجع عن أخطائه.,,,
victory_over_weakness,ch5,الفصل الرابع صفات الأب,5,s1,محتوى,1,49,p,ويا ليت الآباء يعودون أبناءهم على الحوار والتفاهم في الأمور العادية، حتى إذا حدثت مشكلة يصبح التفاهم معتاداً بطريقة فيها احترام للآخرين، واستعداد لقبول الرأي الآخر. وبالطبع لابد أن يكونوا قد رأوا استعداداً من الأب والأم، أن يتراجع كل منهما عن رأيه، إن كان رأي الآخر سليماً وغير مضر.,,,
victory_over_weakness,ch5,الفصل الرابع صفات الأب,5,s1,محتوى,1,50,p,لا تندفع أيها الأب بالتهديدات، فهذا يظهر ضعفك، ولكن أعلن رأيك بوضوح، وبشكل محدد، وفي نفس الوقت استمع بهدوء للرأي الآخر، وليتك تتفق مع الأم على سياسة واحدة، وإن لم تستطع، فأعلن رأيك بشكل محدد.,,,
victory_over_weakness,ch5,الفصل الرابع صفات الأب,5,s1,محتوى,1,51,p,استمع لإرشادات ذوي الخبرة قبل أن تصدر قرارات عنيفة؛ لأنه قد يكون من الصعب عليك التراجع عما أعلنته، فلا تضع نفسك في وضع محرج باندفاعك في قرارات غير مدروسة. ولا تخجل من التراجع في قراراتك الخاطئة، بل كن حازماً مع نفسك، بهذا تكون مثالاً حسناً لأولادك، والله يفرح بك، فتزداد قوة في شخصيتك، وإقناعاً لأولادك دون كلام.,,,
victory_over_weakness,ch5,الفصل الرابع صفات الأب,5,s1,محتوى,1,52,p,إن كنت تعاني من القلق، أو التردد، فلابد أن تشرك معك آخرين في القرارات؛ ليكون الطريق واضحاً أمام الأبناء، ولا تنقلب فجأة ضدهم، واعطي فرصة للتفاهم؛ لتستطيع أن تغير رأيك ولو جزئياً.,,,
victory_over_weakness,ch5,الفصل الرابع صفات الأب,5,s1,محتوى,1,53,p,إذا رأيت أن ابنك قد سقط في التدليل بسبب عدم حزمك، فارجع عن تدليله، ولكن بالتدريج؛ لأن التدليل يضعف شخصية الأبناء، وكثرة العطايا تفسدهم، مهما كنت غيناً.,,,
victory_over_weakness,ch5,الفصل الرابع صفات الأب,5,s1,محتوى,1,54,p,كن لطيفاً عموماً، وحازماً أحياناً، مع الابتعاد عن الغضب، أو الانشغال عن تربية أبنائك، ثم تظهر بعد سنوات كثيرة وتحاول أن تكون حازماً، فيرفضوك، مثل من يسافر سنوات طويلة خارج مصر، أو ينشغل بعمله داخل مصر، ويلقي كل المسئولية على الأم، ثم يعود ويطالب بتغيير سلوكيات أولاده، لابد أن تعطي وقتاً كبيراً للتفاهم وقبول الرأي الآخر.,,,
victory_over_weakness,ch5,الفصل الرابع صفات الأب,5,s1,محتوى,1,55,p,لتكن مخافة الله أمام عينيك، فلا تغضب الله؛ لترضي أهواء أولادك الخاطئة. ولا تعطي لأولادك حرية كبيرة، ثم فجأة تحاول أن تأخذها منهم، كن مدققاً واعطهم حرية بالتدريج مع التوعية والتفاهم والانفتاح بينك وبينهم.,,,
victory_over_weakness,ch5,الفصل الرابع صفات الأب,5,s1,محتوى,1,56,p,السيدة ماجدة، مدرسة اللغة الإنجليزية بمدرسة سان جورج، وكانت أمينة في عملها، وتتقن العمل؛ ولأجل مهارتها وإخلاصها قبلت المدرسة شروطها، إذ قالت لهم: أنا سأدرس فصل واحد، وسأعمل ثلاثة أيام في الأسبوع.,,,
victory_over_weakness,ch5,الفصل الرابع صفات الأب,5,s1,محتوى,1,57,p,كانت مخلصة في عملها، وتهتم بأولاد فصلها الذين كانوا في السنة الأولى الثانوية. وبدأت علاقتها بأولادها بأن دعتهم في بداية السنة في منزلها في ضيافة جميلة، ووليمة كبيرة، فكانت علاقة محبة بينها وبينهم.,,,
victory_over_weakness,ch5,الفصل الرابع صفات الأب,5,s1,محتوى,1,58,p,بعد هذا أعلنت اهتمامها في الفصل بهم وحزمها في نفس الوقت، فكانت تشرح دروسها بهدوء وإتقان مع صمت كامل من التلاميذ. وكانت تستخدم كل الوسائل لجذبهم وترغيبهم فيما يدرسون.,,,
victory_over_weakness,ch5,الفصل الرابع صفات الأب,5,s1,محتوى,1,59,p,من الأمثلة على محبتها وحزمها في نفس الوقت أنهم كانوا يدرسون قصة هاملت للكاتب الشهير شكسبير، وكانت هذه القصة قد تم تقديمها على المسرح الإنجليزي، فأحضرت للتلاميذ التسجيل؛ ليسمعوه في الفصل وكانت تعلق عليه، وهم في إنصات شديد؛ حتى أن التلاميذ أحبوا حصة اللغة الإنجليزية.,,,
victory_over_weakness,ch5,الفصل الرابع صفات الأب,5,s1,محتوى,1,60,p,ثم قام الفنان محمد صبحي بتقديم مسرحية هاملت باللغة العربية على المسرح. فذهبت هذه المدرسة، وقابلت الفنان محمد صبحي، وطلبت منه عرض خاص لأربعة فصول السنة الأولى الثانوية لمدرسة سان جورج؛ ليحضروا وحدهم هذا العرض، وكانت هي متكفلة بنفقات التذاكر، ولكن الفنان خاف، وقال لها: كيف ينضبط عدد كبير من الطلبة الذين عمرهم حوالي 16 سنة؛ ليستمعوا لمسرحية كبيرة مثل هذه، فاكدت له المدرسة مسئوليتها وتعهدها بأن يكونوا منضبطين تماماً، وطلبت فرصة ليفكر، ثم بعد فترة وافق. وحضر التلاميذ المسرحية بإنصات شديد تعجب منه الفنان، لأنهم كانوا يراجعون كل ما درسوه باللغة الإنجليزية في تفاصيل معاني هذه المسرحية، والتي عرضها الفنان بإتقان كبير.,,,
victory_over_weakness,ch5,الفصل الرابع صفات الأب,5,s1,محتوى,1,61,p,وبعد انتهاء المسرحية وقف الطلبة يصفقون للفنان حوالي نصف ساعة من شدة إعجابهم. وفي اليوم التالي أرسل الفنان محمد صبحي إلى السيدة ماجدة يشكرها جداً على إنصات أبنائها ، وعلى حزمها الواضح، بل طلب منها أن تقدم شكر لك طالب منهم.,,,
victory_over_weakness,ch5,الفصل الرابع صفات الأب,5,s1,محتوى,1,62,p,الملجأ:الابن إذا وقع في مشكلة، يكون الحل الأول في نظره الالتجاء لأبيه، أو أمه؛ لأنه يثق في إخلاصهما له، ومحبتهما، فيلجأ إليهما قبل الالتجاء لأي شخص آخر. وإن تعثر الأب، أو الأم في مساندة أولادهم في متاعبهم، سيبحثون عن البديل في الأب الروحي، أو الخادم، أو الخادمة، أو أحد الأقارب المملوء بالمحبة من نحوهم.,,,
victory_over_weakness,ch5,الفصل الرابع صفات الأب,5,s1,محتوى,1,63,p,في ساعة الضيقة يتفرق الكثيرون عن الابن، ولكنه لا يهتز إن كان قد تعود أن يلتجئ إلى الله وإلى أبيه، فيكتفي بهذا، ويشعر أن الدنيا كلها معه، كما حدث مع البابا أثناسيوس، عندما قالوا له: العالم كله ضدك. فقال لهم: وأنا ضد العالم، معتمداً على استناده على الله، ومن ناحية أخرى، على أبيه القديس الأنبا أنطونيوس.,,,
victory_over_weakness,ch5,الفصل الرابع صفات الأب,5,s1,محتوى,1,64,p,إن تعرض الابن لمشكلة نتيجة خطأ منه، فالأب يسرع إليه لينقذه، إن كان أمامه أناس يتشاجرون معه، أو في مكان صعب، مثل القبض عليه، فيخرجه من مركز الشرطة، ثم بعد العودة إلى بيته يستطيع في هدوء وحنان أن ينبهه؛ حتى لا يسقط مرة أخرى في هذا الخطأ، فيشعر أنه في ملجأ حصين، وهو حضن أبيه، وهذا يساعده على التوبة وإصلاح أخطائه.,,,
victory_over_weakness,ch5,الفصل الرابع صفات الأب,5,s1,محتوى,1,65,p,وإن أخطأ الابن وأرشده أبوه، ولكنه لم يطعه، وكانت النتيجة سيئة، فأول من يقف بجواره هو أبوه، الذي يحتضنه، ولا يوبخه، ثم يفكر معه كيف يعالج النتيجة السيئة؟ مثل الرسوب في الامتحان، أو الفشل في عمل، أو السقوط في صداقة سيئة تجعل الابن يخسر أموراً كثيرة. ويكون تفكير الأب مع ابنه تفكيراً إيجابياً لحل المشكلة، وبالطبع الابن سيفهم بنفسه خطورة ما صنع، فيتعلق قلبه بأبيه الذي يحميه داخل ملجأ قوي؛ ليواصل حياته، بل يعوض ما فاته.,,,
victory_over_weakness,ch5,الفصل الرابع صفات الأب,5,s1,محتوى,1,66,p,إن الأب الحقيقي لا يمكن أن يهمل ابنه في ساعة ضيقته، أو يذكره بأن ما يعاني منه هو نتيجة أفعاله وعدم طاعته؛ لأن نفسية الابن تكون في ضيق شديد، ويحتاج قبل كل شيء إلى مساندة أبيه.,,,
victory_over_weakness,ch5,الفصل الرابع صفات الأب,5,s1,محتوى,1,67,p,كانت هذه الشابة تسير في الشارع ذاهبة لحضور محاضرة البابا شنودة بالكاتدرائية بالعباسية، والتقت بها إحدى صديقاتها، وقالت لها:,,,
victory_over_weakness,ch5,الفصل الرابع صفات الأب,5,s1,محتوى,1,68,p,انتي سمعتي عن اللي حصل في إسكندرية، المشكلة اللي حصلت في كنيسة محرم بيه. فأجابت الشابة:,,,
victory_over_weakness,ch5,الفصل الرابع صفات الأب,5,s1,محتوى,1,69,p,ايوة سمعت.فقالت لها صديقتها:,,,
victory_over_weakness,ch5,الفصل الرابع صفات الأب,5,s1,محتوى,1,70,p,أنا عارفة ناس ساكنين هنا قريب عندهم فيديو، تيجي تتفرجي عليه. فقالت الشابة,,,
victory_over_weakness,ch5,الفصل الرابع صفات الأب,5,s1,محتوى,1,71,p,أنا مستعجلة عاوزة ألحق مكان كويس في الكنيسة.فردت صديقتها:,,,
victory_over_weakness,ch5,الفصل الرابع صفات الأب,5,s1,محتوى,1,72,p,تعالي عندنا قريب ومش ها نتأخر. أخذت الصديقة هذه الشابة، وصعدتا في أحد المنازل، وطرقت الصديقة الباب، ففتح الباب، ودخلت الشابة وصديقتها، وفوجئت بشباب يهجمون عليها، فصرخت طالبة معونة الله والبابا شنودة. فوجدت في الحال البابا شنودة يدخل الشقة، ويقولها:,,,
victory_over_weakness,ch5,الفصل الرابع صفات الأب,5,s1,محتوى,1,73,p,تعالى معايا بسرعةفأخذ الشابة وخرج من الشقة وسط ذهول الآخرين، وقال لها:,,,
victory_over_weakness,ch5,الفصل الرابع صفات الأب,5,s1,محتوى,1,74,p,ماتروحيش في حتة ما تعرفيهاش.وعندما خرجا إلى الشارع قال لها: اذهبي في طريقك للكنيسة. وعندما دخلت الشابة الكاتدرائية، وجدت البابا شنودة قد بدأ عظته، وتعجبت، وفرحت، واطمأنت. وعلمت من الحاضرين معها أن البابا في نهاية إجابته للأسئلة صمت ووضع رأسه بين يديه للحظات قليلة، بينما كان الحضور يرتلون ترتيلة، ثم بدأ محاضرته، فعلمت أنه قد جاء بالسياحة وأنقذها. إنه حقاً أب ينقذ أولاده، إنه ملجأ حصين.,,,
victory_over_weakness,ch5,الفصل الرابع صفات الأب,5,s1,محتوى,1,75,p,القدوة:الأب والأم هما المثل الأعلى للأبناء، نتيجة صفاتهما الحلوة الكثيرة، وهم يفرحون أن يلتصقوا بهما، ويقلدونهما في كل شيء، وإن كانوا أطفالاً فلا يميزون ويقلدون في الصواب والخطأ. فالوالدان في أيديهما أن يعلما أطفالهما كل شيء بسهولة دون كلام من خلال أعمالهما وتصرفاتهما.,,,
victory_over_weakness,ch5,الفصل الرابع صفات الأب,5,s1,محتوى,1,76,p,ونعلم من سير الآباء الرهبان، أن الراهب إذا سأل معلمه كيف يخلص؟ أو كيف يسلك؟ يكون جوابه ما تراني أفعله فافعله مثلي.,,,
victory_over_weakness,ch5,الفصل الرابع صفات الأب,5,s1,محتوى,1,77,p,"والمسيح قال تعلموا مني ( مت29:11)، وبولس الرسول يقول عن نفسه وعن رفقائه الآباء الرسوليين لأهل تسالونيكي:"" نعطيكم أنفسنا قدوة حتى تتمثلوا بنا"" (2تس9:3)، ويأمر تلميذه تيطس بنفس الأمر ويقول له "" مقدماً نفسك في كل شيء قدوة للأعمال الحسنة"" ( تي7:2)، وأيضاً كل المؤمنين بالمسيح هم قدوة لكل من حولهم، إذ يقول بولس لأهل تسالونيكي: "" صرتم قدوة لجميع الذين يؤمنون"" ( اتس 7:1). والخلاصة يقولها بولس لأهل كورنثوس ولكل المؤمنين بالمسيح:"" كونوا متمثلين بي كما أنا أيضاً بالمسيح"" (اكو 1:11).",,,
victory_over_weakness,ch5,الفصل الرابع صفات الأب,5,s1,محتوى,1,78,p,بهذا يدقق الوالدان في كلماتهما وأعمالهما؛ لأجل أن يقودا أولادهما في طريق المسيح، فيجاهدا في ترك كل كلمة بطالة، وكل عمل لا يليق من أجل أن يكونا صورة للمسيح أمام أولادهما؛ هذا أقوى تأثير من أي تعليم، أو إرشاد.,,,
victory_over_weakness,ch5,الفصل الرابع صفات الأب,5,s1,محتوى,1,79,p,خرجت هذه السيدة مع ابنتها التلميذة في الصف الابتدائي ليشتريا بعض احتياجات البيت، وبعد شراء ما يلزم للبيت، تذكرت الأم أنها قد تكون قد تركت البوتاجاز مشتعلاً ولم تغلقه، فخافت جداً، وصلت إلى الله أن يحفظ بيتهم في أمان، وتشفعت بأمنا العذراء، ونذرت لها نذراً، وهو عشرون جنيهاً تقدمهم في كنيستها بالزيتون، إذ كانت تسكن قريباً من الكنيسة، وكانت هذه القصة منذ عشرات السنين.,,,
victory_over_weakness,ch5,الفصل الرابع صفات الأب,5,s1,محتوى,1,80,p,أسرعت الأم مع ابنتها، ووصلتا إلى الشقة، ووجدتا البوتاجاز مشتعلاً، ولكن البيت كله سليم، فأطفأت البوتاجاز، وقالت لأبنتها: هيا نذهب سريعاً لنوفي النذر لأمنا العذراء. فذهبتا وقدمتا النذر، وشكرتا أمنا العذراء في كنيستها.,,,
victory_over_weakness,ch5,الفصل الرابع صفات الأب,5,s1,محتوى,1,81,p,بعد أيام كانت الابنة في المدرسة، وكتبت المدرسة على السبورة كلاماً كثيراً، وطلبت من تلميذاتها أن ينقلن ما كتبته بسرعة.,,,
victory_over_weakness,ch5,الفصل الرابع صفات الأب,5,s1,محتوى,1,82,p,وبدأت التلميذات في كتابة ما على السبورة، ولكن المدرسة بعد قليل قالت:,,,
victory_over_weakness,ch5,الفصل الرابع صفات الأب,5,s1,محتوى,1,83,p,أسرعوا هامسح السبورةخافت التلميذة، وتذكرت ما عملته أمها، فقلدتها بالحرف الواحد، وقالت لأمنا العذراء:,,,
victory_over_weakness,ch5,الفصل الرابع صفات الأب,5,s1,محتوى,1,84,p,الحقيني يا عدرا خليها ما تمسحش السبورة لغاية ما خلص، وأنا هاندرلك عشرين جنيه في كنيستك بالزيتون.واستمرت التلميذة تكتب، فقامت المدرسة، والتلميذات في خوف- وأمسكت الباشورة لتمسح السبورة، ولكنها سقطت من يدها على الأرض، فتضايقت، وأسرعت لترفعها من الأرض، وتحاول الاقتراب من السبورة، فإذ بالباشورة تسقط مرة أخرى، فغضبت المدرسة وقالت:,,,
victory_over_weakness,ch5,الفصل الرابع صفات الأب,5,s1,محتوى,1,85,p,مش ماسحة حاجة.واستمرت التلميذات في النقل، وكتبن كل ما على السبورة.,,,
victory_over_weakness,ch5,الفصل الرابع صفات الأب,5,s1,محتوى,1,86,p,عادت التلميذة إلى بيتها، وقالت لأمها:,,,
victory_over_weakness,ch5,الفصل الرابع صفات الأب,5,s1,محتوى,1,87,p,يللا يا ماما نروح الكنيسة، عشان ندي للعدرا عشرين جنيه.فقصت القصة على أمها، فأسرعت معها إلى الكنيسة ووفيت النذر.,,,
victory_over_weakness,ch5,الفصل الرابع صفات الأب,5,s1,محتوى,1,88,p,٨- النقاوة,,,
victory_over_weakness,ch5,الفصل الرابع صفات الأب,5,s1,محتوى,1,89,p,الأبوة مشاعر حب نقية نحو الأبناء لا تميز أحداً عن الآخر إلا بمقدار تجاوبه، وتعطيه أكثر.,,,
victory_over_weakness,ch5,الفصل الرابع صفات الأب,5,s1,محتوى,1,90,p,الأبوة نقية من أي غرض شخصي، فالأب لا يريد إلا أن يكون أبناؤه محبين لله، نامين في كل عمل صالح. وشعوره نحو كل بنت من بناته أنها جزء منه، يعطيها كل ما عنده، ولا يراها إلا ابنته. وهكذا الأم أيضاً تري ابنها جزء منها، تعطيه كل حبها ولا تراه كرجل، بل ابنها الخارج من بطنها.,,,
victory_over_weakness,ch5,الفصل الرابع صفات الأب,5,s1,محتوى,1,91,p,فالأبوة لا تتأثر بأي شهوة شريرة، ويرى ابنته امتداد له، وليست أنثى، مثل باقي الإناث، يمكن أن يحاربه أي فكر شرير من نحوها، وبالتالي تعاملاته مع ابنته، مثل تعاملاته مع ابنه.,,,
victory_over_weakness,ch5,الفصل الرابع صفات الأب,5,s1,محتوى,1,92,p,هذا الشعور موجود في كل أب جسدي، أو روحي، وحتي لو تصرفت الابنه تصرفات زائدة مع أبيها، فيرشدها بهدوء، ولا يوافقها على التصرفات الخاطئة؛ لأنه لا يستطيع أن يخرج عن شعور الأبوة.,,,
victory_over_weakness,ch5,الفصل الرابع صفات الأب,5,s1,محتوى,1,93,p,وإن حارب الشيطان أحد الآباء بأي فكر غريب، يقطعه في الحال، ويضع حدوداً في معاملته مع ابنته، لأنه لا يمكن أن يكون إلا أباً نقياً ويلجأ إلى الله بصلوات و مطانيات وجهاد كثير، حتى يحتفظ بنقاوته في أفكاره ومشاعره، وبالتالي في كلامه وأعماله مع جميع البنات والنساء.,,,
victory_over_weakness,ch5,الفصل الرابع صفات الأب,5,s1,محتوى,1,94,p,إن البنت الطبيعة تكون مفاجأة قاسية عليها أن ترى في أبيها نظرة، أو فكرة غير نقية، فتهتز الدنيا أمامها، وبالطبع الله لن يتركها ويدبر لها إنقاذاُ من هذا الأب، وحياة نقية مع أب أخر، إن لم يتب هذا الأب. فإن أخطأ الأب الجسدي، يدبرالله لها أب روحي نقي.,,,
victory_over_weakness,ch5,الفصل الرابع صفات الأب,5,s1,محتوى,1,95,p,والشيطان قد يحارب المتقدمين في الحياة الروحية، مثل المتوحدين؛ ولذا ينبغي أن يحترس كل أب، مهما كانت نقاوته، فيطرد أي فكر شرير، ولا ينزعج، ويظل في أبوته النقية، فعلي قدر حروب الشياطين للقديسين، الله في نفس الوقت، ينقذهم، و يسندهم، و يمجدهم.,,,
victory_over_weakness,ch5,الفصل الرابع صفات الأب,5,s1,محتوى,1,96,p,كان هذا الراهب يعيش مع الله في حياة نقية، وتقدم في الصلوات، والاصوام. ثم استأذن رئيس الدير، وتوحد في مغارة، وظل مواصلاً جهاده الروحي، فأنعم عليه الله بموهبة إخراج الشياطين. هذا هو القديس يعقوب المتوحد. علم الساكنون في المنطقة المحيطة بقدرة القديس على إخراج الشياطين، فأتي إليه الناس من كل مكان، وكان في اتضاع يصلي من أجلهم، فتخرج الشياطين.,,,
victory_over_weakness,ch5,الفصل الرابع صفات الأب,5,s1,محتوى,1,97,p,اغتاظ الشيطان منه جداً، فدخل في ابنة الملك، وعذبها كثيراً، ولم يفلح الأطباء في علاجها. فقال أحد رجال الملك له: إن هناك قديس يدعى يعقوب، قادر على شفاء الأمراض، فقال: اذهبوا بها إليه.,,,
victory_over_weakness,ch5,الفصل الرابع صفات الأب,5,s1,محتوى,1,98,p,ذهبوا بالفتاة إلى القديس، الذي صلي باتضاع، فانزعج الشيطان، وخرج منها، ولكن بعد عودتها سليمة لأبيها لم تتمسك بالله، فدخل فيها الشيطان مرة أخرى، فسافروا وذهبوا إلى القديس، وأخرج منها الشيطان، و تكرر هذا الأمر كثيراً. هذا بالطبع كان من تدبير وحيل الشيطان الخبيث.,,,
victory_over_weakness,ch5,الفصل الرابع صفات الأب,5,s1,محتوى,1,99,p,اقترح أحد البلاط الملكي إقامة بيت صغير بجوار القديس؛ حتي يتخلصوا من متاعب السفر الطويل. فوافق الملك، وطلبوا ذلك من القديس فاعترض بشدة، ولكن بعد إلحاح كثير، وافق القديس، وأقاموا بيتاً وفيه حراس من عند الملك، ودبروا الحياة والطعام والشراب لهذه الابنة. فكان إذا دخل فيها الشيطان، يذهبون بها إلى القديس، فيخرج الشيطان منه، فتعود إلى بيتها. ولكن بعد أيام يدخلها الشيطان، فتذهب إلى القديس، ويخرج الشيطان، ثم استمر الشيطان يدخل فيها فور رجوعها الى بيتها، فلا تمكث إلا ساعات قليلة، ويدخل فيها الشيطان، ويزعجها.,,,
victory_over_weakness,ch5,الفصل الرابع صفات الأب,5,s1,محتوى,1,100,p,فطلب رجال الملك من القديس أن يبقى الفتاة في مغارته، وهي فتاة صغيرة، مثل أبنائه وهنا اعترض بشدة أكبر، ولكن بعد إلحاح طويل وافق، ودخلت الفتاة الى المغارة.,,,
victory_over_weakness,ch5,الفصل الرابع صفات الأب,5,s1,محتوى,1,101,p,وهنا هجم الشيطان بأفكاره الشريرة علي القديس بإلحاح متواصل، حتى لم يستطع أن يتماسك وأخطأ مع الفتاة، وبعدما اخطأ معها أرسل له الشيطان فكر أنها قد تحبل، فماذا يقول؟ فوجد أن الحل هو أن يقتلها ويهرب، وقتلها فعلاً، وخرج هارباً.,,,
victory_over_weakness,ch5,الفصل الرابع صفات الأب,5,s1,محتوى,1,102,p,قابله أحد رجال الملك، فقال له: أين الفتاة؟ فكذب وقال له: لا اعرف. فتغير الجندي وظهر أنه الشيطان، وقال له: أنت زنيت، وقتلت، وكذبت، فليس لك حياة، ووضع في قلبه أفكار اليأس.,,,
victory_over_weakness,ch5,الفصل الرابع صفات الأب,5,s1,محتوى,1,103,p,استمر القديس سائراً في البرية، فقابله أحد الرهبان، وعلم بيأسه، وشجعه على التوبة، وأن له رجاء في الله.,,,
victory_over_weakness,ch5,الفصل الرابع صفات الأب,5,s1,محتوى,1,104,p,استمر يسير مدة طويلة يأكل من عشب الأرض، ويبكي على خطاياه، وبعد مدة طويلة، وصل إلى مقبرة بجوار قرية صغيرة سكن فيها، وظل يبكي على خطاياه مدة طويلة.,,,
victory_over_weakness,ch5,الفصل الرابع صفات الأب,5,s1,محتوى,1,105,p,تحنن الله على القديس يعقوب التائب، إذ كانت القرية وما حولها تعاني من مجاعة؛ بسبب عدم نزول المطر مدة طويلة، فلما علموا بوجود راهب قديس يسكن بجوار القرية، ذهبوا إليه، ليصلي من أجلهم، حتى يرفع عنهم الله المجاعة، فقال لهم: أنا خاطئ غير مستحق، ولكن بعد إلحاح كثير خرج من قلايته، ووقف يصلي، فنزل المطر بشدة؛ فشكروه جداً أما هو فشكر الله الذي قبل توبته، واستمر في بكاء وتوبة وصلوات كثيرة طوال حياته، حتى تنيح بسلام. وتعيد له الكنيسة في ٣ امشير من كل سنة.,,,
victory_over_weakness,ch5,الفصل الرابع صفات الأب,5,s1,محتوى,1,106,p,انها قصة صعبة، تظهر مدى شر الشيطان ولكن تحذر كل أب ليتمسك بنقاوته، فيتمتع بمساندة الله، ويمتع أولاده بمحبته النقية.,,,
victory_over_weakness,ch5,الفصل الرابع صفات الأب,5,s1,محتوى,1,107,p,٩- التواضع,,,
victory_over_weakness,ch5,الفصل الرابع صفات الأب,5,s1,محتوى,1,108,p,الأب يشعر أن أولاده جزء منه، امتداد لحياته، فيحبهم من كل قلبه، وبسهولة يتضع أمامهم.,,,
victory_over_weakness,ch5,الفصل الرابع صفات الأب,5,s1,محتوى,1,109,p,والاتضاع يظهر في اهتمام الأب بكل احتياجات أولاده، مهما كانت صغيرة، أو بسيطة، أو تحتاج لمجهود كبير، فهو مستعد أن يسهر بجوار أولاده إذا مرضوا.,,,
victory_over_weakness,ch5,الفصل الرابع صفات الأب,5,s1,محتوى,1,110,p,وإذا حدثت مشادة بين الأب وابنه، وذهب كل واحد إلى حجرته، فإن الأب الحقيقي، والأم الحقيقية يذهب كل منهما إلى ابنه، ويعتذر له عن الجزء الخطأ في كلامه، ثم يعاتبه بحب، ويقول له:,,,
victory_over_weakness,ch5,الفصل الرابع صفات الأب,5,s1,محتوى,1,111,p,أنا جيت لك عشان بحبك، ونفسي المرة الجاية تجيلي لو حصل اي شد بينا،لأنك كمان بتحبني.الأب أو الأم يفرح كل منهما اذا لعب مع أطفاله، وقفزوا فوقه، سواء كان جالساً، أو راقداً، بل يحملهم علي كتفيه وعلى ظهره،وأيضاً يلعب معهم بكل تواضع؛ لأنهم أولاده.,,,
victory_over_weakness,ch5,الفصل الرابع صفات الأب,5,s1,محتوى,1,112,p,الأب لأنه متواضع، يعتذر لابنه و يستأذنه إذا أخذ منه شيء، ويقبل عتاب ابنه له، ويشعر ابنه إذا كبر أنه ليس فقط ابنه، بل صديقه، ومن حقه أن يتحاور معه في أي شيء.,,,
victory_over_weakness,ch5,الفصل الرابع صفات الأب,5,s1,محتوى,1,113,p,جلس المعترف مع أب اعترافه ابونا مرقس أفرام كاهن كنيسة مارمرقس بمصر الجديدة، وفي نهاية الاعتراف، قال أبونا: لابنه,,,
victory_over_weakness,ch5,الفصل الرابع صفات الأب,5,s1,محتوى,1,114,p,مش هتبطل يابني السجاير كفاية بقي. فرد الابن المعترف ببجاحة على أبيه، وقال له:لما تبطل انت الشاي اللي انت بتحبه، أبقي أبطل أنا السجاير.وكان أبونا مرقس معتاد أن يشرب الشاي بكثرة، ولكن باتضاع شعر أن كلام ابنه هو صوت الله له،فقال له:,,,
victory_over_weakness,ch5,الفصل الرابع صفات الأب,5,s1,محتوى,1,115,p,خلاص يابني أنا من النهارده هبطل الشاي.فخجل الابن من نفسه وقال لأبونا باتضاع:,,,
victory_over_weakness,ch5,الفصل الرابع صفات الأب,5,s1,محتوى,1,116,p,وأنا كمان يا أبي هبطل السجاير.. أشكرك يا أبويا عشان بتستحملني ربنا يعوضك.١٠- الحكمة,,,
victory_over_weakness,ch5,الفصل الرابع صفات الأب,5,s1,محتوى,1,117,p,الابن يعرف أنه صغير، ومعرض للخطأ في أمور كثيرة، ولكنه يثق في أبوه أنه حكيم، ويتصرف حسناً، لذا فالأب ينبغي أن يصلي، ويفكر جيدًا قبل أن يتكلم، أو يفعل شيئاً.,,,
victory_over_weakness,ch5,الفصل الرابع صفات الأب,5,s1,محتوى,1,118,p,تربية الأبناء فن عظيم يحتاج لحكمة كبيرة، حتى يكون الأب متزناً بين اللطف والحزم، بين التشجيع والعتاب، بين التماس الأعذار والتوبيخ، فلكل أمر من هذا وقت مناسب، يختاره الأب بحكمة، حسب إرشاد الله له، فيكون دون أن يقصد قدوة لأولاده، و يستريحون في التعامل معه.,,,
victory_over_weakness,ch5,الفصل الرابع صفات الأب,5,s1,محتوى,1,119,p,"ولكي ما يكون الأب حكيماً دائماً، يلزمه أن يكون له أب اعتراف، ومرشدين روحيين، ويكون عنده استعداد للتعلم والتلمذة طوال حياته، مهما كان سنه، أو مركزه. ونرى بولس الرسول يوصي ابنه الأسقف تيموثاوس أسقف مدينة أفسس ويقول له: ""لاحظ نفسك والتعليم وداوم على ذلك"" (١ تي ٤ : ١٦)",,,
victory_over_weakness,ch5,الفصل الرابع صفات الأب,5,s1,محتوى,1,120,p,وإن أخطأ الأب في أي شيء، يرى أنه من الحكمة أن يعتذر علناً أمام أولاده أنه أخطأ، ويعلمهم الاعتذار، والاتضاع، وأن يعرفوا طريقهم لاكتساب الحكمة.,,,
victory_over_weakness,ch5,الفصل الرابع صفات الأب,5,s1,محتوى,1,121,p,أخبروا أبونا ميخائيل إبراهيم بأن مشكلة حادة قد حدثت بين زوجين، ويفكرون في الانفصال. فصلى وذهب لزيارتهما، وجلس بينهما في وجود بعض الأقارب، وتوالت الاتهامات من الجانبين، وأصبح الجو متوتراً جداً. كل هذا، وأبونا صامت يصلي، ويطلب حكمة الله، وفي النهاية قال:,,,
victory_over_weakness,ch5,الفصل الرابع صفات الأب,5,s1,محتوى,1,122,p,مافيش فايدةفحزن جميع الموجودين، ولكن أبونا أضاف، وقال:,,,
victory_over_weakness,ch5,الفصل الرابع صفات الأب,5,s1,محتوى,1,123,p,يلا بينا نصلي. إذا كان يقصد إن مافيش فايدة في الكلام، لكن الحل هو الصلاة .وقف أبونا يصلى صلاة حارة من قلبه، يعلن فيها ضعفه، واتكاله على الله القادر وحده أن يحل المشكلة، ثم ختم صلاته بالصلاة الربانية، وتأثر الجميع بصلاته، ولكن مازال يوجد بعض التوتر، فقال أبونا للزوجة:,,,
victory_over_weakness,ch5,الفصل الرابع صفات الأب,5,s1,محتوى,1,124,p,معندكيش يا بنتي لقمة ناكلها؟ فقالت له:حالاً يا أبونا هو ضب لقمة.وأسرعت إلى المطبخ تعد شيئاً من الطعام، ثم قال ابونا للزوج:,,,
victory_over_weakness,ch5,الفصل الرابع صفات الأب,5,s1,محتوى,1,125,p,وأنت يا بني مش تعملنا شوية سلطة.فقال الزوج لأبونا:,,,
victory_over_weakness,ch5,الفصل الرابع صفات الأب,5,s1,محتوى,1,126,p,حاضر يا ابوناوبعد فترة قصيرة بقي الزوجان فيها في المطبخ معاً يعدان الطعام لأبونا، حضرا معاً من المطبخ وهما مبتسمان، وعاد السلام بينهما. فشكر أبونا الله، وأكل الطعام، وبارك الزوجين، وتركهما في سلام وانصرف.,,,
victory_over_weakness,ch5,الفصل الرابع صفات الأب,5,s1,محتوى,1,127,p,ما أعظم هذه الحكمة إذ أخرج أبونا الزوجين من المشادات إلى موضوع آخر، وهو عمل خير لإعداد طعام له، وأعدهم لهذا الخير بالصلاة الحارة،فعاد السلام .,,,
victory_over_weakness,ch5,الفصل الرابع صفات الأب,5,s1,محتوى,1,128,p,11- الهدوء,,,
victory_over_weakness,ch5,الفصل الرابع صفات الأب,5,s1,محتوى,1,129,p,إن توترات الحياة كثيرة، بالإضافة إلى تقلبات الحياة المحيطة بالأسرة.,,,
victory_over_weakness,ch5,الفصل الرابع صفات الأب,5,s1,محتوى,1,130,p,كل هذا يؤثر على الأسرة والأبناء. ولكن يمكن حفظ السلام داخل البيت عن طريق هدوء الأب والأم.,,,
victory_over_weakness,ch5,الفصل الرابع صفات الأب,5,s1,محتوى,1,131,p,إن هدوء الأب والأم يمثل الاستقرار والراحة للأبناء، وهم يعتمدون على هدوء الوالدين، فيشعرون أن الدنيا بخير. وعلى العكس، إذا اضطرب الوالدان، حتى لو كانت المشاكل صغيرة، يضطرب الأبناء؛ لأن سند الأبناء هو هدوء الوالدين.,,,
victory_over_weakness,ch5,الفصل الرابع صفات الأب,5,s1,محتوى,1,132,p,لابد أن تحدث أخطاء من الأبناء، فهذا حقهم في الحياة أن يجربوا فينجحوا، أو يفشلوا في تجاربهم وتصرفاتهم. واستقبال الوالدين لنتائج أعمال أبنائهم تؤثر كثيرًا على الأبناء. فإن كان الوالدان هادئان يستطيعان أن يشجعا أبنائهما، والعكس صحيح، إذا ضرب الوالدان سيظهر الغضب والتوبيخ عليهما، فينزعج أبنائهما .,,,
victory_over_weakness,ch5,الفصل الرابع صفات الأب,5,s1,محتوى,1,133,p,إن هدوء الأب يشجع الابن أن يقترب إليه، ويفتح قلبه معه في كل شيء بالتدريج، لكن إذا انفعل الأب مع كل كلمة قالها الابن، فبالطبع لن يكمل الابن إخراج مشاكله، فيكتمها، ويتعذب بها؛ لعدم هدوء الأب. فعدم الهدوء يصنع حاجزاً بين الأب وابنه، يظل مستمراً على الدوام.,,,
victory_over_weakness,ch5,الفصل الرابع صفات الأب,5,s1,محتوى,1,134,p,إن هدوء الأب يعطي سعادة في البيت، وانفتاح قلب بين كل أفراد الأسرة، فيسهل على كل الأسرة أن يروا الله، ويحيوا معه في هدوء.,,,
victory_over_weakness,ch5,الفصل الرابع صفات الأب,5,s1,محتوى,1,135,p,وفي هذا الجو الهادئ، يسهل أن تجتمع الأسرة في صلاة جماعية، و قراءة في الكتاب المقدس، وتمتع بالاحساس بالمسيح داخل الأسرة.,,,
victory_over_weakness,ch5,الفصل الرابع صفات الأب,5,s1,محتوى,1,136,p,كان هناك مؤتمراً من كنيسة مارمرقس بمصر الجديدة في بيت بأبو تلات، وأثناء فترة الراحة كان أبونا مرقس كمال في الملعب الذي بالبيت، ونظر الي فوق، فوجد طفلاً يحاول القفز من أحد النوافذ، ولاحظ الكثيرون حول أبونا هذا المنظر المرعب، ولكن أبونا صلي، وقال لأحد الموجودين أن يسرع إلى الحجرة التي فيها الطفل.,,,
victory_over_weakness,ch5,الفصل الرابع صفات الأب,5,s1,محتوى,1,137,p,وقف ابونا يكلم الطفل بهدوء، ويقول له: لماذا تريد أن تقفز؟ انتظر قليلاً، و الطفل كان يكلمه، وأبونا مستمر في ملاطفة الطفل ويدي أبونا مرفوعتين إلى السماء، ليس فقط ليصل، بل ليحتوي الطفل إذا قفز.,,,
victory_over_weakness,ch5,الفصل الرابع صفات الأب,5,s1,محتوى,1,138,p,استمر أبونا في حديثه مع الطفل؛ ليشغله عن القفز من النافذة، وكان الطفل سعيداً بكلام أبونا الهاديء، حتى وصل الشخص الذي أسرع إلى الطفل، ودخل إلى الحجرة، وخطف الطفل، وأدخله داخل الحجرة.,,,
victory_over_weakness,ch5,الفصل الرابع صفات الأب,5,s1,محتوى,1,139,p,تعالت الصلوات والشكر لله، الذي أنقذ الطفل من الموت، بهدوء أبونا مرقس، واستخدامه الحديث الهادئ اللطيف مع الطفل، حتى أنقذه من الموت.,,,
victory_over_weakness,ch5,الفصل الرابع صفات الأب,5,s1,محتوى,1,140,p,12- حسن الانصات,,,
victory_over_weakness,ch5,الفصل الرابع صفات الأب,5,s1,محتوى,1,141,p,إن الأبوة احتواء للأبناء منذ طفولتهم حتى يكبروا، وبالتالي تشجع الأبوة الأبناء على الحديث والتعبير عن أنفسهم بإنصات واضح من الوالدين.,,,
victory_over_weakness,ch5,الفصل الرابع صفات الأب,5,s1,محتوى,1,142,p,إن إنصات الأب لأطفاله يشجعهم على التحدث في كل ما يشعرون به، والأطفال يحبون الله الذي لا يعرفونه، وإنصات الأب يرشده أن يتكلم مع أولاده عن الله بالطريقة التي تناسبهم، أي يظهر محبة الله لهم بكلمات بسيطة واضحة لهم. وكما يحكي لهم قصصاً روحية، يهتم أن يسمع منهم إعادة هذه القصص بأسلوبهم الطفولي، ويمدحهم على كل ما قالوه.,,,
victory_over_weakness,ch5,الفصل الرابع صفات الأب,5,s1,محتوى,1,143,p,الأطفال يتميزون بسرعة الحفظ،واهتمام الوالدين بالاستماع لما سمعوه من مزامير، وألحان، ترانيم، وتسابيح، يشجع الأبناء على الالتصاق بالكنيسة، والتعمق في معرفة كل شيء فيها.,,,
victory_over_weakness,ch5,الفصل الرابع صفات الأب,5,s1,محتوى,1,144,p,أما الإنصات للمراهقين، فانه هام جداً، وهو امتداد لانفتاح الأبناء في سن الطفولة، فلا يخجل المراهق أن يحكي أي شيء؛ لأن والديه يسمعونه باهتمام وتقدير، ويعطيه ثقة في نفسه، وبلطف يستطيع الأب أن يوجه أولاده، ليكون اسلوبهم لطيفاً، و لائقاً للحديث مع الكبار المحيطين بهم.,,,
victory_over_weakness,ch5,الفصل الرابع صفات الأب,5,s1,محتوى,1,145,p,حسن الإنصات يحل مشاكل كثيرة من بدايتها، إذ يشعر الأبناء بمحبة والديهم، و تعاطفهم، فيرجعون عن اندفاعهم الذي يصاحب سن المراهقة والشباب، وبالتالي يساعدهم علي التفكير السليم، والفهم المتزن.,,,
victory_over_weakness,ch5,الفصل الرابع صفات الأب,5,s1,محتوى,1,146,p,يظل حسن الإنصات فضيلة تميز الوالدين حتى سن شيخوختهما، فيأتي أبنائهما ليلقوا بكل متاعبهم، مهما كانت ثقيلة، عند أقدام والديهم، فيستريحون، وبهذا يرفع الوالدان أتعاباً كثيرة عن أبنائهم، ويعيدون إليهم سلامهم، بالاضافة إلى الإرشادات الوالدية.,,,
victory_over_weakness,ch5,الفصل الرابع صفات الأب,5,s1,محتوى,1,147,p,تعود هذا الخادم أن يذهب إلى هذه القرية، ليخدم فيها أسبوعياً في المساء، ثم ينصرف إلى منزله.,,,
victory_over_weakness,ch5,الفصل الرابع صفات الأب,5,s1,محتوى,1,148,p,في أحد الليالي، بعد انتهاء خدمته في القرية، خرج المحبون لتوصيله إلى الطريق العام، ولما لم يجدوا سيارة ليركبها، شكرهم، وصرفهم، وقال لهم: أنا سأسير على الطريق حتى أجد سيارة أجرة، فاركبها.,,,
victory_over_weakness,ch5,الفصل الرابع صفات الأب,5,s1,محتوى,1,149,p,فيما الخادم سائر يصلي، وجد خلفه صوت يناديه:,,,
victory_over_weakness,ch5,الفصل الرابع صفات الأب,5,s1,محتوى,1,150,p,أنت يا فندي .. انت يا فندي وقف عندكوقف الخادم، وإذا برجل غريب يقبل عليه، ويقول له: اعطيني المحفظة والساعة والجاكت، ففهم أنه قاطع طريق، فأعطاه ما طلبه، ثم سار في طريقه، وهو يصلي، معاتباً الله، ويقول له:,,,
victory_over_weakness,ch5,الفصل الرابع صفات الأب,5,s1,محتوى,1,151,p,انت سبتني ليه يا رب؟ .. دانا جاي أخدمك .. تسبهم ياخدو فلوسي وساعتي وجاكتتي.استمر الخادم في الصلاة والعتاب، ولكن بعد فترة سمع صوت ينادي عليه:,,,
victory_over_weakness,ch5,الفصل الرابع صفات الأب,5,s1,محتوى,1,152,p,انت يا فندي وقف عندك.وقال الخادم في نفسه إنه نفس الصوت الأول، ماذا يريد أن يأخذ مني أكثر مما أخذ؟ ولكنه وقف في مكانه، لئلا يطلق عليه الرصاص، ولكنه ذهل عندما وجد قاطع الطريق يعطيه المحفظة والساعة والجاكت . ففهم الخادم أن الله قد استجاب له فتشجع وقال لقاطع الطريق:,,,
victory_over_weakness,ch5,الفصل الرابع صفات الأب,5,s1,محتوى,1,153,p,لا الموضوع مش بالساهل أانا لازم اقعد معاكم.فتعجب قاطع الطريق، وقال له,,,
victory_over_weakness,ch5,الفصل الرابع صفات الأب,5,s1,محتوى,1,154,p,اتفضل يافنديذهب الخادم مع قاطع الطريق الي مكان على جانب الطريق، وجد فيه مجموعة من قطاع الطرق جالسين، فسلم عليهم، وبشجاعة بدأ يكلمهم عن الله، ومن أجل صلواته استمعوا إليه باهتمام؛ لأنهم لم يسمعوا أحداً من قبل يكلمهم هذا الكلام الروحي. وبعد انتهاء حديثه، أخذوا يسألونه أسئلة كثيرة، فكان ينصت لهم باهتمام، ويجيب على أسئلتهم، وفي نهاية الجلسة، قال لهم الخادم:,,,
victory_over_weakness,ch5,الفصل الرابع صفات الأب,5,s1,محتوى,1,155,p,تحبوا نقعد مره كمان. فقالوا:يا ريت.استمرت الجلسات أسبوعياً، فبعد انتهائه من الخدمة في القرية، يخرج وينادي، فيخرج أحدهم إليه، ويجلس معهم، يستمع بإنصات شديد لكل اسئلتهم في أبوة عجيبة، لم يتعودوها، ويجيب على كل ما يسألونه من اسئلة ويحدثهم عن الله .,,,
victory_over_weakness,ch5,الفصل الرابع صفات الأب,5,s1,محتوى,1,156,p,توالت الجلسات وحسن إنصات هذا الخادم و أبوته، وهكذا كون الله بالخادم أغرب اجتماع، وهو اجتماع لقطاع الطرق، وفيه حديث روحي، و إنصات و إجابة على كل التساؤلات.,,,
victory_over_weakness,ch5,الفصل الرابع صفات الأب,5,s1,محتوى,1,157,p,١٣- المرونة,,,
victory_over_weakness,ch5,الفصل الرابع صفات الأب,5,s1,محتوى,1,158,p,التغيرات في الحياة كثيرة، والتغيرات أيضاً كثيرة بين الأجيال، وسرعة التغيير أصبحت سريعة، ففي كل عدد قليل من السنوات، تحدث تطورات مفيدة أو مضرة، وهنا تظهر أهمية صفة المرونة في الأب والأم.,,,
victory_over_weakness,ch5,الفصل الرابع صفات الأب,5,s1,محتوى,1,159,p,جيد أن نتمسك بكل شيء سليم قديم تعلمناه و استلمناه، ولكن يمكن بالمرونة أن نقبل بعض التغيرات التي لا تخرج عن المعنى المطلوب، حتى يتكيف الأب والأم مع أولادهما، ولكن بحكمة حتى لا ينزلقوا مع الأبناء إلى أخطاء تضرهم.,,,
victory_over_weakness,ch5,الفصل الرابع صفات الأب,5,s1,محتوى,1,160,p,وسرعة التغيير ليست فقط في العادات، ولكن أيضاً في الكلام والتعبيرات، وكل نواحي الحياة، فإذا تصلب الأب برأيه، سيكون غير مقبول من أولاده، وقاسياً عليهم، مع أن مرونة صغيرة يمكن أن تحل هذه المشاكل، وهنا يظهر أمران:,,,
victory_over_weakness,ch5,الفصل الرابع صفات الأب,5,s1,محتوى,1,161,p,١- أهمية جلوس الوالدين مع الأبناء كثيراً في جلسات حوار وتفاهم في كل المواضيع، دون اتخاذ قرارات، ولكن هذا يحدث تقارب بين أفكار الكبار والصغار.,,,
victory_over_weakness,ch5,الفصل الرابع صفات الأب,5,s1,محتوى,1,162,p,٢- أهمية الإرشاد,,,
victory_over_weakness,ch5,الفصل الرابع صفات الأب,5,s1,محتوى,1,163,p,فاهتمام الوالدين أن يسمعوا من الآباء الكهنة، والخدام والخادمات، يفيدهم كثيراً في الوصول إلى أبنائهم. وهنا تظهر اهمية اجتماعات أولياء الأمور في كل المراحل العمرية.,,,
victory_over_weakness,ch5,الفصل الرابع صفات الأب,5,s1,محتوى,1,164,p,المرونة معناها أن يتنازل الأب عما تعوده مادام لا يضره ولا يضر أبناءه، فالمهم هو البحث عن أفكار متوسطة بين الآراء المختلفة، والتدرج في التغيير من عادة إلى أخرى، ولكن من الضروري جداً المرونة في التعامل داخل الأسرة، لوجود اختلافات طبيعية بين الرجل والمرأة، والبنت والولد، وكذا بين عمر الأباء وعمر الأبناء.,,,
victory_over_weakness,ch5,الفصل الرابع صفات الأب,5,s1,محتوى,1,165,p,أصدر الرئيس أنور السادات قراراً برجوع البابا شنوده الثالث إلى الدير، فأطاع البابا، وعاد إلى دير السريان، ودخل قلايته الخاصة في حديقة الدير، وقال لنفسه: قد عدت راهباً فتنعمي يا نفسي بحياة الوحدة، فكانت هذه مرونة علي أعلي مستوي، أن يترك كل مسؤوليات البابوية ومقابلاتها، ويعود كراهب بسيط يعيش في قلاية وحده.,,,
victory_over_weakness,ch5,الفصل الرابع صفات الأب,5,s1,محتوى,1,166,p,وبعد قليل كان الأنبا صرابامون أسقف دير الأنبا بيشوى مع البابا شنودة في قلايته، وطلب منه أن يأتي إلى دير الأنبا بيشوي ويعيش وسط رهبانه، فحاول البابا شنودة البقاء في قلايته، ولكن ألح عليه بشدة الأنبا صرابامون، الذي له دالة قوية عند البابا، فهو ابنه منذ عشرات السنين، فوافق أخيراً البابا، وعبر مع الأنبا صرابامون إلى دير الأنبا بيشوي، وعاش وسط رهبان الدير كواحد منهم،أما هم ففرحوا جداً بوجوده في وسطهم.,,,
victory_over_weakness,ch5,الفصل الرابع صفات الأب,5,s1,محتوى,1,167,p,طلبوا منه الرهبان أن يحدثهم في موضوعات روحية، فاستجاب، واستمرت أبوته للرهبان، وشعر أن هذا هو مجتمعه الذي يحيا فيه بقية حياته. انها مرونة كبيرة.,,,
victory_over_weakness,ch5,الفصل الرابع صفات الأب,5,s1,محتوى,1,168,p,مرت السنوات، وشعرت الدولة أنه من الضروري رجوع البابا إلى مكانه، هذا ما شعر به الرئيس الجديد حسني مبارك، ثم بعد فترة قليلة صدر القرار الجمهوري برجوع البابا إلى سلطته كرئيس الكنيسة.,,,
victory_over_weakness,ch5,الفصل الرابع صفات الأب,5,s1,محتوى,1,169,p,١٤- الثقة في الأبناء:,,,
victory_over_weakness,ch5,الفصل الرابع صفات الأب,5,s1,محتوى,1,170,p,الابن يثق في أبيه وأمه ثقة كاملة، ويتوقع أنهما يثقان فيه ثقة كاملة أيضاً، وإن أخطأ يلتمسون له العذر؛ لأنه صغير، ومعرض للخطأ. ولكن إن وجد العكس، وهو عدم الثقة نتيجة أنه أخطأ فإنه يضطرب في داخله، والسبب هو الأب والأم.,,,
victory_over_weakness,ch5,الفصل الرابع صفات الأب,5,s1,محتوى,1,171,p,الثقة في الأبناء وتشجعهم على الانطلاق في الحياة والنجاح، وحتى لو فشلوا في شيء يقومون سريعاً، ويحاولون مواصلة النجاح. أما الشك فيهم، يجعلهم عرضة أكبر للفشل؛ من أجل هذا تظهر أهمية الثقة في الأبناء، مع الوعي لأخطائهم، والتماس الأعذار لهم، وتنبيههم بشكل محدد وواضح ولطيف مرات كثيرة، كما يطيل الله أناته علينا مرات كثيرة.,,,
victory_over_weakness,ch5,الفصل الرابع صفات الأب,5,s1,محتوى,1,172,p,الثقة في الأبناء ليست معناها موافقة على الأخطاء، ولكن قبول أخطائهم مؤقتاً إلى أن يتغلبوا عليها، فالصواب واضح، والخطأ واضح، ولكن الحب الأبوي، وطول الأناة إن أحاط بالأبناء يتقدمون من نجاح إلي نجاح بدون اضطراب.,,,
victory_over_weakness,ch5,الفصل الرابع صفات الأب,5,s1,محتوى,1,173,p,أنت تعلم يا أب وتعلمي يا أم أن الشك سيكون اضطراب في شخصية الأبناء، وقد يظل طوال حياتهم، فلماذا نحطم أولادنا؟! إن ثقة الله فينا ثقة واعية لا تمنع حبه المتدفق علينا كل يوم، فياليتنا نتعلم من الله.,,,
victory_over_weakness,ch5,الفصل الرابع صفات الأب,5,s1,محتوى,1,174,p,إن سقط الابن في خطأ كبير، فلنفحص لماذا سقط؟ فقد تكون ظروف نفسيته فيها اندفاع، أو إهمالنا له قد يكون السبب، فنعالج السبب بدل الانزعاج من حجم الخطأ الكبير.,,,
victory_over_weakness,ch5,الفصل الرابع صفات الأب,5,s1,محتوى,1,175,p,تعلم هذا الشاب قيادة السيارات، وأخذ رخصة، ولكنه كان مبتدئ في قيادة السيارات.,,,
victory_over_weakness,ch5,الفصل الرابع صفات الأب,5,s1,محتوى,1,176,p,في أحد الأيام أراد هذا الشاب أن يوقف سيارته بجوار الرصيف، ولكنه احتك قليلاً بسيارة كانت أمامه، ومن أجل الأمانة، نزل من سيارته، ووقف بجوارها إلى أن يأتي صاحب السيارة التي احتك بها.,,,
victory_over_weakness,ch5,الفصل الرابع صفات الأب,5,s1,محتوى,1,177,p,عندما حضر صاحب السيارة تضايق جداً وغضب، وأخذ يصرخ، واجتمع حوله الكثيرون، وكان ذلك أمام الكنيسة. فاضطرب الشاب، ودخل إلى أبيه الكاهن، وقال له: قد أخطأت والرجل ثائر، ولا أعرف ماذا أفعل.؛ فطمأنه أبوه، وقال له: هذا خطأ بسيط لا تضطرب، واخرج إلى الرجل، وسأله أي تعويض تريده، وتعالي خذه مني.,,,
victory_over_weakness,ch5,الفصل الرابع صفات الأب,5,s1,محتوى,1,178,p,امتلأ الشاب بالثقة، بتشجيع أبوه، إذ شعر أن أباه لم يوبخه، بل سانده، وخرج إلى الرجل الذي كان مازال في غضبه، فقال الشاب الذي عمره ١٨ عاما:,,,
victory_over_weakness,ch5,الفصل الرابع صفات الأب,5,s1,محتوى,1,179,p,انا غلطان وأسف، ومستعد أدفع التعويض اللي انت عايزه.هدأ الرجل قليلاً، ثم قال للشاب:,,,
victory_over_weakness,ch5,الفصل الرابع صفات الأب,5,s1,محتوى,1,180,p,انت ابن مين يابني؟فأجاب الشاب وقال للرجل:,,,
victory_over_weakness,ch5,الفصل الرابع صفات الأب,5,s1,محتوى,1,181,p,انا ابن أبونا فلان.فرد عليه الرجل وقال له:,,,
victory_over_weakness,ch5,الفصل الرابع صفات الأب,5,s1,محتوى,1,182,p,روح يابني انا هاخد منك إيه؟ ولا من أبوك ؟وانتهي الموقف. وعاد الشاب قوياً واثقاً في نفسه، وذهب إلى بيته، وأعلم والدته بما حدث، ولكن كان هادئاً في داخله، بفضل تشجيع أبوه له، واطمأنت الأم أيضاً من أجل انتهاء الموقف بسلام.الفصل الخامس كيف اقتني الأبوة؟,,,
victory_over_weakness,ch5,الفصل الرابع صفات الأب,5,s1,محتوى,1,183,p,لقد اقتنعت بكل ما فات من الحاجة إلى الأبوة، وأبوة الله، وصفات الأب، وأنا أخدم وأقضي وقتاً طويلاً في الخدمة، لكن كيف اقتني مشاعر الأبوة السابق ذكرها؟ هل هي مهارات خاصة لبعض الناس،أم يمكن الجهاد الروحي لاقتنائها؟ انها توهب من الله كنعمة لكل من يجاهد في كل ما ذكرناه وفي هذه الأمور، وهي:,,,
victory_over_weakness,ch5,الفصل الرابع صفات الأب,5,s1,محتوى,1,184,p,محبة الله حتى أستطيع أن أحب الناس وأخدمهم وأوصل إليهم أبوة الله، لابد أن أحب أنا الله، فاقترب إليه بكل ما أستطيع من وسائط النعمة؛ لتتحرك مشاعري نحوه، وحينئذ اقتني مشاعر الأبوة والحب للآخرين.,,,
victory_over_weakness,ch5,الفصل الرابع صفات الأب,5,s1,محتوى,1,185,p,إن الحديث مع الله في الصلاة يرفعني إليه لأتذوق حلاوة الكلام معه، بل أتلذذ بعلاقة أعلى من كل علاقة في العالم، وإذ أقترب إليه بالصلاة أجد محبته تنساب الي في هدوء، كلما حاولت أن تفهم معاني الصلاة التي أرددها، سواء بالأجبية، أو الصلوات الارتجالية، أو أي صلاة قصيرة.,,,
victory_over_weakness,ch5,الفصل الرابع صفات الأب,5,s1,محتوى,1,186,p,وإذا أحببت الصلاة، سيدفعني حبي لله أن أقرأ كلامه في الكتاب المقدس، فأجده يجاوبني، ليس فقط في الصلاة، بل أيضاً بوضوح في الكتاب المقدس، فأتأمل في كلامه، واحتضن كلامه لأحيا به في حياتي العملية. أفكر فيه فيتغير تفكيري ويتجدد ذهني، بل تتغير تصرفاتي وكلامي مع الناس، وتبدأ مشاعر الأبوة والحب نحو كل من حولي، كما عبر عن ذلك معلمنا بولس الرسول ( رو ١٢ : ٢) .,,,
victory_over_weakness,ch5,الفصل الرابع صفات الأب,5,s1,محتوى,1,187,p,وعندما أبدأ الخدمة بهذه المشاعر الجديدة، أجد أن الله يتكلم على لساني، كما وعدنا الله بنفسه أن يعطينا مشاعر الأبوة في كلماتنا (لو ٢١ : ١٥),,,
victory_over_weakness,ch5,الفصل الرابع صفات الأب,5,s1,محتوى,1,188,p,وعلى قدر ما ينمو الإنسان في محبته، الله سيدخل إلى أعماقه ويتذوق أموراً لا يعبر عنها، فيزداد ميله للخدمة، والإحساس بأولاده في البيت والكنيسة، ويعمل فيه روح الله بسهولة، مهما كانت إمكانياته ضعيفة، أو ثقافته وتعليمه قليل، مثلما فعل الروح القدس في تلاميذ المسيح الذين كانوا صيادين، ويعملون أعمالاً بسيطة، بل يقول عنهم بولس الرسول:أنهم المزدرى وغير الموجود (١كو ١ : ٢٨)، وظهر هذا واضحاً في عظة بطرس الصياد يوم الخمسين، فأمن بكلامه واعتمد ٣٠٠٠ نفس (اع ٢ : ٤١).,,,
victory_over_weakness,ch5,الفصل الرابع صفات الأب,5,s1,محتوى,1,189,p,قال الخادم باهر أسعد وهو يسلم فصله، في بداية السنة القبطية، للخادم الجديد ويعرفه لاولاد الفصل: إن هذا الولد يحتاج إلى عناية أكبر، لأنه بعيد عن الله، ويرفض الإعتراف عند الكاهن. فشكره الخادم الجديد علي كل ملاحظاته عن أولاده، ووعده ان يهتم بهم، وطلب منه أن يصلي لأجله ولأجل الفصل. بدأ الخادم الجديد مع فصله، وبعد نهاية الدرس وانصراف الأولاد، طلب من هذا الولد أن يجلس معه، وأخذ يكلمه عن الله، فوجد تجاوب من الولد وتقبل لكل الكلام حتى أنه وعد أن يصلي، ويذهب إلى أب الاعتراف، ويقدم توبة. ففرح الخادم جداً، وانصرف الولد.,,,
victory_over_weakness,ch5,الفصل الرابع صفات الأب,5,s1,محتوى,1,190,p,ذهب الخادم ليبحث عن الخادم السابق، وهو الاستاذ باهر أسعد فى كنيسة مارمرقس بمصر الجديدة، ليبشره بتجاوب الولد، فلم يجده، فدخل الكنيسة ليبحث عنه، فوجده داخل الهيكل يصلي ويضرب ميطانيات، ففهم سر نجاح كلامه، وتقبل الولد له، أنه كان مسنوداً علي صلوات ميطانيات مرفوعة لله. فدخل الخادم الجديد، ووقف أمام الأستاذ باهر، الذي شعر بوجوده فألتفت إليه، وقال الخادم الجديد للأستاذ باهر: إن صلواتك، ومحبتك لله وصلت، وتجاوب الولد عندما تحدثت معه، ووعد بالتوبة والاعتراف والصلاة.,,,
victory_over_weakness,ch5,الفصل الرابع صفات الأب,5,s1,محتوى,1,191,p,فرح الأستاذ باهر، وقال للخادم الجديد: هيا بنا نعمل ميطانيات شكر لله، وقدما ميطانيات و صلوات شكر لله، وكانا في فرح كبير؛ لان الله قادر أن يغير القلوب، مهما كانت رافضة. ويعطي نعمة لأولاده الخدام، حتى يقبل السامعين كلامه. إذ يشعرون بمحبة الله، وأبوته للخدام.,,,
victory_over_weakness,ch5,الفصل الرابع صفات الأب,5,s1,محتوى,1,192,p,الانضباطالأب الذي يجاهد في ضبط شهواته في كل المجالات يقل تعلقه بشهوات العالم وماديته، ويتحرر من سلطانها، فيستطيع قلبه أن ينشغل أكثر بالله، ويحب الصلاة والقراءة والتأمل، وتتحرر مشاعره، فيستطيع أن يهتم بأولاده.,,,
victory_over_weakness,ch5,الفصل الرابع صفات الأب,5,s1,محتوى,1,193,p,"والانضباط لا يكون في شهوة محددة فقط، مثل الطعام، أو الملبس،فهذا يكون في البداية، ثم يزداد فيشمل كل احتياجات الآب، كما قال الكتاب المقدس ""كل من يجاهد يضبط نفسه في كل شئ"" (١ كو ٩ : ٢٥) .",,,
victory_over_weakness,ch5,الفصل الرابع صفات الأب,5,s1,محتوى,1,194,p,وإن كان الانضباط بمقدار قليل، ثم ينمو بهدوء تدريجياً، يفرح به الله، ويساعد الأب، ويهبه أيضاً مشاعر الأبوة تدريجياً ،فتتسع أبوته، وتشمل تفاصيل حياة الابن، وتشمل كل الأبناء، وفي حياة الخادم تشمل كل أولاده الروحيين، فلا ينسى أحداً.,,,
victory_over_weakness,ch5,الفصل الرابع صفات الأب,5,s1,محتوى,1,195,p,الأب المنضبط يستطيع أن يعطي أبوة مهما كان البذل كبيراً والتضحيات كثيرة، حتى لو أعطي من أعوازه، أي مهما كان جسده متعباً، أو إمكانياته قليلة، فيفضل احتياجات ابنه عن نفسه، ويهتم به، ويسنده اللهـ ويعطي كثيراً، حتى يتعجب الابن من حنان أبيه، أو أمه، ويتأثر كثيراً، ويلتصق بالله، بأبيه، أو أمه.,,,
victory_over_weakness,ch5,الفصل الرابع صفات الأب,5,s1,محتوى,1,196,p,كانت هذه السيدة تعمل في تنظيف المنازل، وتأخذ أجرتها، وتشكر الله. وكانت مستمرة في العمل، حتى بعد ما كبر سنها، فكان الناس يسألونها، كيف تحتمل تعب الشغل كل يوم وهي صحتها ضعيفة؟ فتقول لهم:,,,
victory_over_weakness,ch5,الفصل الرابع صفات الأب,5,s1,محتوى,1,197,p,أصل أنا ابني عاجز وعنده عيال كتيرة وأنا مهتمة بالصرف عليهم.فكانوا يزدادون عطاءً لها ، ليس فقط الأجرة العادية، بل كانوا يعطونها أيضاً طعاماً وملابس وكل احتياجات البيت.,,,
victory_over_weakness,ch5,الفصل الرابع صفات الأب,5,s1,محتوى,1,198,p,استمرت هذه السيدة في العمل، وتقدمت في السن، ولكن بالرغم من ضعف جسدها كانت أمانتها واتقانها في العمل يبهر كل من تنظف منازلهم، أما هي، فكانت تكتفي بطعام قليل جداً، ولا تمتع نفسها بأي شيء من ما في المنازل التي تنظفها، فكان يزداد حبهم لها، واشفاقهم عليها، ويعطونها عطايا كثيرة.,,,
victory_over_weakness,ch5,الفصل الرابع صفات الأب,5,s1,محتوى,1,199,p,أخيراً ماتت هذه السيدة وفي جنازتها وجد الكاهن الكنيسة ممتلئة بالكثيرين، وتعجب لأنه ظن أن عائلتها، أو أحباءها قليلين. وعندما سأل الحاضرين في الجنازة عن علاقتهم بهذه السيدة العجوز، هل هم أقارب لها أم تنظف بيوتهم؟، فكانوا يقولون:,,,
victory_over_weakness,ch5,الفصل الرابع صفات الأب,5,s1,محتوى,1,200,p,الست دي فاتحة بيوتنا، احنا كلنا غلابة، وكانت تعدي علينا وتدينا من خيرات الله اللي بتاخدها من البيوت اللي بتنضف فيها.تعجب الكاهن من هذا الانضباط الكبير، والبذل الكثير، والأمومة التي تعطي كل هذا العدد الكبير من الناس. وعندما كان يحكي قصتها كانت تتحرك المشاعر عند الكثيرين، فيهتم كل واحد ولو بأسرة واحدة محتاجة، فيساعدها.,,,
victory_over_weakness,ch5,الفصل الرابع صفات الأب,5,s1,محتوى,1,201,p,التلمذةإن الأب الذي يتضع، و يشعر باحتياجه للتعلم والتلمذة، يعطيه الله نعمة، فيأخذ ويتعلم من كل من يتتلمذ على يديه، ويشعر بأبوة كل واحد، واهتمامه، فيستلم منه روح الأبوة والاهتمام بمن حوله.,,,
victory_over_weakness,ch5,الفصل الرابع صفات الأب,5,s1,محتوى,1,202,p,وعلى قدر ما يجاهد الأب في تنفيذ كل ما تعلمه، يشعر بأهمية الفضيلة والصفات الحسنة التي يتعلمها، فيكون أباً حنوناً عندما يتلمذ غيره، ويطيل أناته على أولاده، ويشجعهم بكلامه الرقيق.,,,
victory_over_weakness,ch5,الفصل الرابع صفات الأب,5,s1,محتوى,1,203,p,وبمرور الوقت يزداد اشتياق الأب للتلمذة على أيدي كثيرين،وخاصة أب اعترافه. وكلما أخذ، يزداد ميله للعطاء، فينفتح قلبه بأبوة للكثيرين، وخاصة المحتاجين إلى الحب، مهما كان عددهم كثيراً.,,,
victory_over_weakness,ch5,الفصل الرابع صفات الأب,5,s1,محتوى,1,204,p,والأب الذي اهتم بأن يتتلمذ يطيل أناته على من يتلمذهم، حتى لو تعثروا في تعلم ما يعلمه لهم، أو أخطأوا كثيراً عكس ما تعلموه، ويخفف ما يعلمه لهم، ويغير في مقدار ما يعلمه؛ حتى يساعد الكل على محبة التعلم والتلمذة، فينمو كل من يعلمهم، ويفرحون بأبوته، بل يميلون هم أيضاً أن يعلموا غيرهم، و يكتسبوا منه مشاعر الأبوة.,,,
victory_over_weakness,ch5,الفصل الرابع صفات الأب,5,s1,محتوى,1,205,p,سمعت طفلة عمرها ٩ سنوات من أمها قصة الأستاذ باهر الذي يضرب ميطانيات من أجل ابنه، واستجابة الله له بتغيير هذا الابن، فأعجبت جداً بما فعله هذا الخادم.,,,
victory_over_weakness,ch5,الفصل الرابع صفات الأب,5,s1,محتوى,1,206,p,يعد أيام كانت الأم تبحث عن ورقة هامة تخص ابنها، وبحثت عنها كثيراً فلم تجدها، فقالت لابنتها:,,,
victory_over_weakness,ch5,الفصل الرابع صفات الأب,5,s1,محتوى,1,207,p,في ورقه مهمه بتاعة أخوكي أنا مش لاقياها.. ممكن تدوري معايا عليها، فأجابت الابنة: حاضر يا ماما.دخلت الابنة حجرة أخيها ،وأغلقت الباب عليها، وصلت، ثم ضربت بعض الميطانيات، وطلبت من الله أن يكشف لها مكان الورقة الخاصة بأخيها. وبعد الصلاة والميطانيات، أرشدها الله أن تفتح درج معين فوجدت الورقة أمامها فأخذتها، وأسرعت لتخبر أمها التي فرحت ليس بالورقة فقط، بل بالأكثر إعجابها بصلاة ابنتها و ميطانياتها وتلمذتها على القصة التي سمعتها عن ميطانيات الأستاذ باهر.,,,
victory_over_weakness,ch5,الفصل الرابع صفات الأب,5,s1,محتوى,1,208,p,متاعب الابنالذي يريد أن يكون أب حقيقي، يلزم أن يشعر بأولاده، وما يعانون منه، حتى لو كان صغيراً، فيبحث ويعرف ويحاول مساعدة ابنه على حل مشكلته.,,,
victory_over_weakness,ch5,الفصل الرابع صفات الأب,5,s1,محتوى,1,209,p,قد يعاني الابن من مشاكل صحية، وتظهر في طفولته أنه يسمع بأذن اكثر من الاخرى، أو يتعب سريعاً ويريد الجلوس رغم أن سنه يحب الحركة. قد يشتكي لأبيه من أي شيء، فيلزم أن يهتم أبوه به دون انزعاج وتوتر، ومن ناحية أخرى، لا يهمل ما يشتكي منه الابن، سواء كان طفل، أو مراهق، أو شاب.,,,
victory_over_weakness,ch5,الفصل الرابع صفات الأب,5,s1,محتوى,1,210,p,والأب الذي يحب ويريد أن يكون أباً حريصاً على راحة أولاده، لابد أن يراعي تعليقاتهم، حتى لو قيلت مرة واحدة، ليفهم نفسية ابنه، ويحاول مساعدته، وعلاج ما يعاني منه، فمثلاً لو قال الابن:,,,
victory_over_weakness,ch5,الفصل الرابع صفات الأب,5,s1,محتوى,1,211,p,كويس اني لقيت حد في المدرسة يحبني.فهذا معناه أنه يعاني من إحساس بالوحدة والعزلة، ولابد أن يسرع الأب والأم بتشجيعه ومساعدته على إيجاد أصدقاء يشاركونه حياته، ولو قال: عند لبسه أي ملابس جديدة:,,,
victory_over_weakness,ch5,الفصل الرابع صفات الأب,5,s1,محتوى,1,212,p,أخيراً بقي شكلي حلو.فهذا معناه أنه عنده صغر نفس، أو يعاني من لوم شديد، فلابد من الابتعاد تماماً عن توجيه اللوم له.,,,
victory_over_weakness,ch5,الفصل الرابع صفات الأب,5,s1,محتوى,1,213,p,الإرشاد من الآباء الروحيين، أو ذوي الخبرة يفيد ،بالإضافة لمشاركة من يعرفون هذا الابن، حتى يكوَن الاب نفسية سوية داخل ابنه.,,,
victory_over_weakness,ch5,الفصل الرابع صفات الأب,5,s1,محتوى,1,214,p,إن تقدير الأب لمتاعب ابنه، ينبغي أن يستمر، فلا تعالج المشاكل النفسية في مرة، أو مرتين، بل تحتاج إلي وقت طويل، لكن بنعمة الله تتحسن جداً.,,,
victory_over_weakness,ch5,الفصل الرابع صفات الأب,5,s1,محتوى,1,215,p,ولد القديس ديديموس في أوائل القرن الرابع الميلادي، من أسرة مسيحية فقيرة في المال، ولكن غنية في محبة الله والكنيسة، وكان يبدو عليه الذكاء من بداية طفولته.,,,
victory_over_weakness,ch5,الفصل الرابع صفات الأب,5,s1,محتوى,1,216,p,أصيب ديديموس بمرض أفقده النظر، ولكنه لم يستسلم بفضل تشجيع أبواه له، فاخترع وسيلة ليتعلم بها، وهي نحت الحروف على ألواح واستخدمها ليقرأ بها كل المعلومات التي يريدها، وبهذا سبق برايل بخمسة عشر قرناً، وكان يسمع باهتمام لكل ما يقرأه الناس حوله، وكانت ذاكرته قوية، حتى أنه نبغ في العلوم المختلفة من الأدب والنحو والفلسفة والمنطق، بل ايضاً استطاع أن يدرس الهندسة، كما شهد القديس جيروم.,,,
victory_over_weakness,ch5,الفصل الرابع صفات الأب,5,s1,محتوى,1,217,p,استطاع أن يحفظ عن ظهر قلب أجزاء كبيرة من الكتاب المقدس وتعاليم الكنيسة.,,,
victory_over_weakness,ch5,الفصل الرابع صفات الأب,5,s1,محتوى,1,218,p,شجعه القديس الأنبا أنطونيوس الذي زاره عدة مرات، وتتلمذ القديس ديديموس عليه، وصار تلميذاً وصديقاً حميماً الأنبا أنطونيوس، الذي كان يشجعه بشدة. وفي إحدى المرات، شعر أن القديس ديديموس حزيناً فقال له الأنبا أنطونيوس:,,,
victory_over_weakness,ch5,الفصل الرابع صفات الأب,5,s1,محتوى,1,219,p,انت زعلان يا ديديموس عشان معندكش البصر اللي عند الحيوانات والحشرات، وانت عندك البصيرة الروحية والفهم الروحي اللي مش عند باقي الناس اللي حواليك؟.وزاره أيضاً القديس بلاديوس أربع مرات، أما القديس البابا اثناسيوس، فقد وثق في نبوغه وحكمته الروحية، فعينه مديراً لمدرسة الإسكندرية الأولى عام ٣٤٨، فظل عميداً لهذه المدرسة حمسين عاماً ،وتنيح عام ٣٩٨م.,,,
victory_over_weakness,ch5,الفصل الرابع صفات الأب,5,s1,محتوى,1,220,p,التماس الاعذاران الابن ينمو ويجرب ليتعلم ويأخذ خبرة الحياه وهذا يعرضه للخطأ وهنا تظهر اهميه الابوه التي تعذر الإبن لان هذا هو حقه في الحياة ان يحاول والذي يحاول بالطبع يحاول ان يخطأ.,,,
victory_over_weakness,ch5,الفصل الرابع صفات الأب,5,s1,محتوى,1,221,p,ان الابن الذي لا يحاول هو ابن غير طبيعي اما منطوي علي نفسه لأي أسباب نفسية ومن أهمها قسوة الآباء والغضب والتوبيخ الشديد واللوم على أي شيء.,,,
victory_over_weakness,ch5,الفصل الرابع صفات الأب,5,s1,محتوى,1,222,p,الابن في جميع مراحله خاصاً في الطفولة والمراهقة يخطأ كثيراً لانه يتعرف علي الحياة ويريد أن يجرب أموراً كثيرة لعلها تكون مفيدة له وهذا يظهر ميول الإبن ومواهبه وهو يحتاج لأب يلتقط ويلاحظ هذه المحاولات ليتعرف علي ميول ابنه ويشجعه علي المفيد منها واذا لم يفعل هذا فهو يحاول ان يخفي التراب قدرات ابنه وميوله البناءة وبالتالي يتولد داخل الابن احساس بالفشل والضعف وصغر النفس.,,,
victory_over_weakness,ch5,الفصل الرابع صفات الأب,5,s1,محتوى,1,223,p,والابن عندما يحاول ان يتعلم اي شيء يحتاج لوقت ومعرض ان يخطأ مرات كثيره ولكن طول اناه الاب وملاحظته لابنه والتماس العذر له سيكشف ما يناسب الابن فمثلاً ميل الإبن للرسم او تمييزه للأصوات هي بداية هوايات جميله اذا تعهدها الاب باهتمام وساعده علي مواصلة ما يهواه.,,,
victory_over_weakness,ch5,الفصل الرابع صفات الأب,5,s1,محتوى,1,224,p,ان توجيه الاب لابنه شيء هام ولكن بلطف ومحاوله لتفهم ما يرغبه الابن ولا يصح إجبار الابن علي هوايه معينه يحبها الاب و معاقبته ان لم يستجب لرغبة الاب يل يلتمس له العذر ويبحث عن هوايه ثانيه او ثالثه…,,,
victory_over_weakness,ch5,الفصل الرابع صفات الأب,5,s1,محتوى,1,225,p,ان تشجيع الاب للابن في فترة الطفولة والمراهقة يساعد الابن حتي لو قابل معطلات ومشاكل في التمتع يهوايته بسبب ظروف الحياة المحيطة به لانه قد يأتي وقت بعد هذا تتاح للابن فرص لممارسة هوايته والتمتع بها. وتشجيع الاب والأم في غاية الأهمية والتماسهم الأعذار يجعل الحياة محبوبه للابناء ويعطيهم قوة في شخصياتهم المحاوله مره ومرات كثيره.,,,
victory_over_weakness,ch5,الفصل الرابع صفات الأب,5,s1,محتوى,1,226,p,نشأت هذه الفتاة في بيت فقير مادياً ولكن غي روحياً مع عدد كبير من الإخوة وكان والداها يتميزان بالحنان والتشجيع والبعد اللوم ولكن علي العكس يلتمسون الاعذار لأبنائهم ويدفعونهم الي كل عمل مفيد ولما بلغت سن الثانية عشر كان من الضروري ان تعمل في احد البيوت لتصرف علي نفسها وتساعد بيت أبيها وبتشجيع امها وابوها قبلت كل هذا برضي.,,,
victory_over_weakness,ch5,الفصل الرابع صفات الأب,5,s1,محتوى,1,227,p,كانت امينه في عملها فأحبها أهل البيت التي عملت عندهم كشغاله ولاحظ صاحب البيت انها بعد اتمام عملها اذا وجدت ورقه وقلم تجلس لترسم عليها ففهم انها تميل الي هوايه الرسم فشجعها واحضر لها اوراق واقلام.,,,
victory_over_weakness,ch5,الفصل الرابع صفات الأب,5,s1,محتوى,1,228,p,كان صاحب البيت يحمل مشاعر ابوه لهذه الفتاة. فاذا قصرت او اخطأت في شيء من اعمال البيت يلتمس لها العذر ويوجهها فتصلحه في الحال وتشجيعه لها علي الرسم كان يجعلها اكثر امانه في اعمال البيت.,,,
victory_over_weakness,ch5,الفصل الرابع صفات الأب,5,s1,محتوى,1,229,p,عندما بلغ عمرها السابعة والعشرين عملت في مزرعة والتقت بعامل يسمي توماس وتزوجا وبعد فتره قال لها زوجها انك لا تصلحين للعمل في المزرعه ويكفيكي اعمال البيت ومن ناحيه اخري كان لا يستحسن ما ترسمه بل كان كثير اللوم ولا يلتمس الاعذار مهما كانت كمية العمل والمسؤليات التي تقوم بها في اعمال البيت وتربيه أبناءها. كل هذا اصابها بالاحباط ولكن لم يلغي ميلها للرسم.,,,
victory_over_weakness,ch5,الفصل الرابع صفات الأب,5,s1,محتوى,1,230,p,عندما بلغت السابعه والستين من عمرها مات زوجها بأزمه قلبيه فتشجعت وبدأت ترسم من جديد وتعلق ما ترسمه علي حوائط منزلها ثم وجدت فرصه لتبيع بعض رسوماتها بمبلغ لا يزيد عن ٥ دولار لكل لوحه.,,,
victory_over_weakness,ch5,الفصل الرابع صفات الأب,5,s1,محتوى,1,231,p,في السبعينات من عمرها اصببت بمرض الروماتويد في يديها ولكنها احتملت وظلت ترسم ثم تعطلت يدها اليمني تماماً فأستخدمت اليسري في الرسم وبدأت لوحاتها تعجب الناس حتى وصل ثمن اللوحة الي ١٠٠٠٠ دولار.,,,
victory_over_weakness,ch5,الفصل الرابع صفات الأب,5,s1,محتوى,1,232,p,عاشت الجده موسي حتي بلغت من العمر ١٠١ عام. فماتت عام ١٩٦١ في ولاية فيرجينيا بأمريكا. بعد موتها اشتهرت لوحاتها جداً حتى بيعت إحدى لوحاتها عام ٢٠٠٦ بمبلغ مليون ومائتي ألف دولار.,,,
victory_over_weakness,ch5,الفصل الرابع صفات الأب,5,s1,محتوى,1,233,p,احتياج الأبن: لك ابن ولكل ابنة احتياجات خاصة تختلف عن غيره من البنين أو البنات، وهو محتاج أن أبيه وأمه يعرفان احتياجاته، ويساعدونه على إشباعها، ولكنه لا يستطيع أن يعبر عن احتياجاته بسهولة؛ لصغر سنه، سواء كان طفلاً أو مراهقاً.,,,
victory_over_weakness,ch5,الفصل الرابع صفات الأب,5,s1,محتوى,1,234,p,لذا فمسئولية الأب أن يكون صداقة بينه وبين ابنه؛ حتى يستريح الابن وينطلق ببساطة ويتكلم مع أبيه، أو أمه. وكلما حاول الأب أن يشجع ابنه على الكلام، ويكون رد فعل الأب عندما يسمع كلام ابنه، هادئاً ومتقبلاً لما سمعه؛ هذا يساعد الابن أن يتكلم عن أمور أخرى في داخله، فيفهم الأب أكثر وأكثر عن ابنه كل يوم.,,,
victory_over_weakness,ch5,الفصل الرابع صفات الأب,5,s1,محتوى,1,235,p,بعد هذا تأتي مرحلة أن يعالج الأب المشاكل النفسية التي يكتشفها داخل ابنه، فيشبع الجزء الناقص ويعالج أي شيء يجده غير سليم، أو فهم خاطئ عند الابن بطريقة لطيفة في أبوة وتقدير لما يشعره الابن. وهذا هو أهم شيء أن يدخل الأب داخل ابنه ويشعر بمشاعره، فيستريح الابن، ولا تتكون بداخله مشاكل، أو بمعنى أدق يتخلص من مشاكله.,,,
victory_over_weakness,ch5,الفصل الرابع صفات الأب,5,s1,محتوى,1,236,p,شعور الأب وتفاعله مع احتياجات ابنه، يحتاج لوقت طويل، والأب الحقيقي يترفق بابنه، فينمو الابن ليس فقط جسدياً، بل أيضاً نفسياً وروحياً. فاستمرار الحوار مع الابن في الطفولة وحتى سن الشباب، سيساعد الابن أن يكتسب نفسية سوية مستقرة.,,,
victory_over_weakness,ch5,الفصل الرابع صفات الأب,5,s1,محتوى,1,237,p,وبالطبع على قدر وجود علاقة بين الوالدين، وأب الاعتراف، وخدام الابن في الكنيسة، والمدرسين في المدرسة، سيجعل الأب على دراية بكل جوانب شخصية الابن، ويساعده على سرعة فهم احتياجات أولاده.,,,
victory_over_weakness,ch5,الفصل الرابع صفات الأب,5,s1,محتوى,1,238,p,كانت هذه الشابة مرتبطة بالكنيسة، بل وتخدم أيضاً بها، وعلاقتها طيبة بمن حولها من زميلاتها، و خادماتها، ولكنها كانت كتومة جداً فلا تفتح مشاعرها، أو تبين أي شيء في داخلها، مهما كانت تعاني منه.,,,
victory_over_weakness,ch5,الفصل الرابع صفات الأب,5,s1,محتوى,1,239,p,في أحد السنين ارتبطت بخدمة، وكانت تؤديها بأمانة واهتمام، واقتربت منها إحدى خادمتها بلطف الأمومة، فتعاملت معها بلطف أيضاً، ولكن لا تريد أن تظهر أي شيء داخلها.,,,
victory_over_weakness,ch5,الفصل الرابع صفات الأب,5,s1,محتوى,1,240,p,زارتها خادمتها في البيت فكانت جلسة لطيفة، وتكررت اللقاءات في الكنيسة وفي ظروف مختلفة، وشعرت الشابة بارتياح لخادمتها التي كانت تظهر اهتمام ومحبة خاصة لها، ولكنها مازالت في كتمانها الشديد، والخادمة لم تضغط عليها أبداُ لتتكلم، ولكن كانت تكتفي بالمحبة والسؤال عنها.,,,
victory_over_weakness,ch5,الفصل الرابع صفات الأب,5,s1,محتوى,1,241,p,بعد سنتين من بدء العلاقة بينها وبين خادمتها، انتقلت هذه الشابة إلى خدمة أخرى، وفي لقاء مع خادمتها قالت لها الخادمة: أنا أشعر أن هناك شيئاً يشغل مشاعرك، فظهر الحرج على الشابة، وقالت لها:,,,
victory_over_weakness,ch5,الفصل الرابع صفات الأب,5,s1,محتوى,1,242,p,مين قالك وعرفتي ايه عنى؟أجابت الخادمة:,,,
victory_over_weakness,ch5,الفصل الرابع صفات الأب,5,s1,محتوى,1,243,p,محدش قالي حاجة أنا حاسة بيكي.انتهى اللقاء والتقت بعد هذا مرة وأكثر والشابة تحرص أن تجلس بجوار خادمتها في هدوء ولا تتكلم عن شيء.,,,
victory_over_weakness,ch5,الفصل الرابع صفات الأب,5,s1,محتوى,1,244,p,في أحد الأيام قالت الشابة لخادمتها:,,,
victory_over_weakness,ch5,الفصل الرابع صفات الأب,5,s1,محتوى,1,245,p,أنا عاوزة اتكلم معاكي ولكن مش قادرة ابص لك ولا تبصي لي، ممكن نقعد في حتة ضلمة؟ أجابت الخادمة في محبة وترحاب:,,,
victory_over_weakness,ch5,الفصل الرابع صفات الأب,5,s1,محتوى,1,246,p,طبعاً يابنتى ممكن نقعد ونرتب مكان هادئ مظلم عشان تتكلمي بحريتك.دبرت الخادمة أن تجلس مع ابنتها الشابة في هدوء في مكان كانت الأنوار مطفأة فيه وبدأت الشابة تفتح قلبها وتتكلم بشيء مما تمر به. فوجدت الخادمة تسمعها باهتمام وتشجعها بلطف أن تواصل حديثها.,,,
victory_over_weakness,ch5,الفصل الرابع صفات الأب,5,s1,محتوى,1,247,p,شعرت الشابة براحة لم تشعر بها من قبل وطلبت من خادمتها أن تلتقي بها مرة ومرات وبدأت تفتح قلبها وتحكي شيئا فشيئاً ما تعاني منه وازدادت المحية ولم تعد محتاجة لمكان مظلم، وكانت تنظر بارتياح لخادمتها وتحدثا بكل ما تريد.,,,
victory_over_weakness,ch5,الفصل الرابع صفات الأب,5,s1,محتوى,1,248,p,شجعتها خادمتها وأرشدتها بهدوء تدريجياً كيف تواجه متاعبها، فازدادت العلاقة بينهما حتى أن الشابة استطاعت أن تخرج كل ما في داخلها وتبدأ في علاج كل ما تعاني منه.,,,
victory_over_weakness,ch5,الفصل الرابع صفات الأب,5,s1,محتوى,1,249,p,مرت السنوات وازدادت الشابة نجاجاً في حياتها الإجتماعية ومسئولياتها وعلاقاتها بمن حولها وشكرت خادمتها جداً؛ لأنها استطاعت أخيراً أن تفتح قلبها براحة وتواجه نفسها وتتغلب على متاعبها، بل تقدمت الشابة في خدمتها ومساعدة غيرها في تخطي المشاكل التي يواجهونها.,,,
victory_over_weakness,ch5,الفصل الرابع صفات الأب,5,s1,محتوى,1,250,p,التشجيع على الكلام على قدر ما يشعر الأبناء بمحبة الأب والأم تستريح نفوسهم؛ فيعبرون عما في داخلهم بكلماتهم الطفولية التي تبدو صغيرة وبسيطة، ولكنها تكشف نفسياتهم وما يدور في داخلهم.,,,
victory_over_weakness,ch5,الفصل الرابع صفات الأب,5,s1,محتوى,1,251,p,إذا واجه الأبناء غضب أو انتهار أو توبيخ شديد من الوالدين، أو أحدهم، ينزعج الابن وينكمش، فلا يعبر عما يحتاجه أو يعانيه؛ ولذا إن سقط أحد الوالدين في تصرف قاسي نحو أحد أبنائه، فيا ليته يرجع سريعاً، ويعبر عن محبته لابنه؛ ليزيل شيء من الاضطراب الذي حدث في داخله، فيكون للابن فرصة أن يعبر عن بعض الأشياء التي في داخله.,,,
victory_over_weakness,ch5,الفصل الرابع صفات الأب,5,s1,محتوى,1,252,p,مما سبق يفهم أن تكوين علاقة صداقة مع الأطفال هام جداً، واللعب معهم يساعدهم أن يتكلموا، بالإضافة للإنصات باهتمام لما يقولون، حتى لو كان غير مفهوم في بعض أجزائه، يشجع جداً الأطفال على الكلام، ويقربهم إلى آبائهم، ويقرب الآباء إلى الأبناء.,,,
victory_over_weakness,ch5,الفصل الرابع صفات الأب,5,s1,محتوى,1,253,p,لا تنزعج أيها الأب إذا سمعت أن ابنك يعاني من شيء، ولكن بحنانك شجعه ليخرج أكثر وأكثر ما في داخله، فيسهل عليك أن تحتويه، وتعالج أي متاعب في داخله. لا تستهين بالطفل لأنه صغير؛ لأن مشاعره في غاية الأهمية، وهي تعلن لك شخصيته التي ستدوم معه طوال عمره.,,,
victory_over_weakness,ch5,الفصل الرابع صفات الأب,5,s1,محتوى,1,254,p,من يستطيع من الآباء أن يصادق طفله، يسهل عليه أن يستمر في صداقة معه في فترة المراهقة، وهي فترة مملوءة بالانفعالات، والصراعات الداخلية، فيستطيع أن يساعد ابنه على اجتياز هذه المرحلة بنجاح، بل ويستمر أيضاً في صداقة معه في فترة الشباب وطوال حياته.,,,
victory_over_weakness,ch5,الفصل الرابع صفات الأب,5,s1,محتوى,1,255,p,إن تشجيع ابنك على الكلام، سيشجعه في كل مراحل حياته ويعطيه ثقة في نفسه وسلاماً في داخله، وتتكون عنده نفسية سوية، تواجه الحياة ببساطة وقوة ونجاح.,,,
victory_over_weakness,ch5,الفصل الرابع صفات الأب,5,s1,محتوى,1,256,p,على قدر ما يكتشف الأب متاعب ابنه منذ صغره يسهل عليه معالجتها، ولكن إن تأخر إلى سن المراهقة أو ما بعدها فيمكن علاج كل شيء، ولكن يحتاج إلى مجهود أكبر. فاقترب إلى طفلك، واعطه وقتا على قدر ما تستطيع.,,,
victory_over_weakness,ch5,الفصل الرابع صفات الأب,5,s1,محتوى,1,257,p,في أحد المستشفيات النفسية كانت تقيم هذه السيدة، وكانت لا تحدث أي مشاكل، بل تعيش في هدوء في كل معاملاتها مع المحيطين بها، ولكنها كانت صامتة صمتاً كاملاً لا تتكلم مع أحد، ولا تجيب على أي اسئلة.,,,
victory_over_weakness,ch5,الفصل الرابع صفات الأب,5,s1,محتوى,1,258,p,اعتادت هذه السيدة أن تجلس منذ الصباح في الصالة الواسعة على أحد الكراسي الهزازة، تحرك الكرسي بهدوء، فتتمايل قليلاً إلى الأمام والخلف، ولا تجيب على أي أحد يمر بها، أو يتكلم معها، ثم تعود إلى حجرتها وتظل صامتة.,,,
victory_over_weakness,ch5,الفصل الرابع صفات الأب,5,s1,محتوى,1,259,p,سمع أحد الموظفين بالمستشفى بحالتها، وتحركت في داخله مشاعر الخدمة والأبوة الروحية نحوها، إذ أدرك أنها بالطبع هناك متاعب نفسية في داخلها، وهي محتاجة لمن يحبها فتطمئن له، وبعد ذلك تستطيع أن تتكلم معه.,,,
victory_over_weakness,ch5,الفصل الرابع صفات الأب,5,s1,محتوى,1,260,p,دفعته محبته وأبوته لها أن يذهب إليها في فترة الراحة المخصصة للموظفين والتي يمكن أن يأكلوا الطعام، أو يستريحوا فيها قليلاً، فذهب إلى الصالة التي تجلس فيها، وجلس بجوارها على أحد المقاعد الهزازة، وظل ينظر إليها بلطف وحنان وهو يأكل طعامه.,,,
victory_over_weakness,ch5,الفصل الرابع صفات الأب,5,s1,محتوى,1,261,p,شعر هذا الموظف بأن جلوسه بجوارها دون أي كلام معها، هو خدمة هامة، فاعتاد كل يوم أن يذهب إليها؛ ليجلس بجوارها، وينظر إليها بهدوء ويبتسم إليها دون أن يتكلم.,,,
victory_over_weakness,ch5,الفصل الرابع صفات الأب,5,s1,محتوى,1,262,p,مرت الأيام والأسابيع، وهو يواظب على الجلوس بجوار هذه السيدة، كان يصلي من أجلها ويكتفي بنظرات الحنان والابتسامات الرقيقة، بل من شدة اهتمامه وأبوته لها، أنه حضر خصيصاً لها في أيام عطلته الرسمية، يجلس بجوارها فترة وينظر إليها بهدوء، وهي تنظر إليه ومشاعر الراحة تبدو على وجهها، بل شعر أنها تنتظر حضوره، إذ لاحظ أنها كانت تتلفت يميناً ويساراً حتى تجده قد وصل إليها وجلس بجوارها؛ ليظهر محبته لها في صمت، واهتمامه بها الذي كان في قلبه وظهر في مواظبته يومياً على الجلوس بجوارها.,,,
victory_over_weakness,ch5,الفصل الرابع صفات الأب,5,s1,محتوى,1,263,p,"بعد انقضاء ستة أشهر على جلسات هذا الخادم اليومية بجوار هذه السيدة المسكينة، وعيناه مملوءتان بالمحبة والحنان، وعيناها أيضاً كانت تنظر إليه باهتمام واشتياق. أخيراَ فتحت هذه السيدة فمها وقالت له كلمة "" سلام""، وبدأت تتحدث معه وانفكت عقدتها النفسية وصارت طبيعية تستطيع أن تتحدث مع الآخرين المحيطين بها.",,,
victory_over_weakness,ch5,الفصل الرابع صفات الأب,5,s1,محتوى,1,264,p,لقد استطاع هذا الخادم أن يعالج هذه السيدة بمحبته وتشجيعه لها بنظراته الحنونة وابتساماته الرقيقة واهتمامه ومثابرته اليومية أن يفعل مع عجز عنه الطب النفسي، فالمحبة والتشجيع هي أقوى وسيلة لتشجيع الآخرين؛ ليخرجوا من عزلتهم، ويتحدثوا بشجاعة مع من حولهم، سواء كانوا أطفالاً أو كباراً.,,,
victory_over_weakness,ch5,الفصل الرابع صفات الأب,5,s1,محتوى,1,265,p,إعطاء طوقت: إن الوالدين يتعبان كثيراً من أجل أبنائهما، بل قد يكون الهدف الأول من حياتهما هو العناية بالأبناء، وتدبير نفقات معيشتهم واحتياجاتهم، وترتيب كل ما يساعدهم على النمو الذهني والجسمي، ولكن معظم وقتهم مشغول، ولا يعطون أنفسهم فرصة بالوجود بجوار أبنائهم إلا قليلاً جداً.,,,
victory_over_weakness,ch5,الفصل الرابع صفات الأب,5,s1,محتوى,1,266,p,حقاً إن الأبناء، مهما كان عمرهم، يفرحون بسد احتياجاتهم المادية، ولكنهم قبل كل شيء يحبون والديهم، وإخوانهم، ومن حولهم. وتزداد فرحتهم إذا جلسوا بجوار والديهم، أو تحدثوا معهم، وتكمل فرحتهم إذا لعب الوالدان معهم أو قصوا عليهم قصصاً جميلة تناسب سنهم.,,,
victory_over_weakness,ch5,الفصل الرابع صفات الأب,5,s1,محتوى,1,267,p,إن الأطفال يحبون والديهم وأسرتهم فقط، ولا ينفتحون بسهولة على الغرباء، فأهم شخصين عند الأطفال، ثم بعد هذا عند الكبار، الوالدين، خاصة لو أظهر الوالدان اهتمامهما بأبنائهما، وأظهرا حناناً ولطفاً في التعامل معهم. فلا يتضايق الوالدان من عدم طاعة الأبناء أحياناً، فقد يكون هذا بسبب انشغالهم باللعب، أو بأي هواية يحبونها، ويحتاجون لطول أناة؛ حتى يعودهم الوالدان على الأعمال المطلوبة منهم. وهذا التعود يحتاج لوقت من الوالدين، وتكرار التعليم بهدوء دون غضب؛ حتى يثبت الكلام في أذهان أبنائهم. والعجيب الذي يدلل على أهمية إعطاء وقت وتكرار التعليم، أن الأبناء عندما يبلغون فترة الشباب، ينفذون ما كانوا يهملونه، أو يرفضونه في المراحل السابقة من عمرهم، فهذا يؤكد أهمية إعطاء وقت وطول أناة في التعامل مع الأبناء.,,,
victory_over_weakness,ch5,الفصل الرابع صفات الأب,5,s1,محتوى,1,268,p,من يهمل إعطاء وقت للأطفال، سواء كانوا صغاراً، أو في الطفولة المتأخرة، يجد صعوبة في التحدث مع أبنائه في سن المراهقة؛ لأن الابن المراهق ينشغل بأصدقائه، ويبتعد عن والديه رغم احتياجه لهما؛ لأنه لم يتعود الصداقة منذ طفولته مع والديه، وهذا يؤكد أهمية إعطاء الوالدين وقتاً لأبنائهم أثناء الطفولة؛ حتى يتمتع الأبناء بصداقة والديهم في السن الأكبر.,,,
victory_over_weakness,ch5,الفصل الرابع صفات الأب,5,s1,محتوى,1,269,p,مهما كنت مشغولاً، قدم وقتاً لأولادك حتى أثناء أكلك، أو تغيير ملابسك، وحتى أثناء عملك يا أم في البيت والمطبخ. فتنظر إلى ابنك باهتمام وتحدثه، فيفرح بمكانته عندك، وتلعب معه ولو لمدة دقائق، وتسمع باهتمام كلماته الصغيرة. واعلم أن هذا الوقت القليل سيجذب قلبك ويعلقك أكثر بابنك، وتعطيه وقتاً أكبر وتتمتع بصحبته وهو أيضاً بالطبع سيتمتع بصداقتك.,,,
victory_over_weakness,ch5,الفصل الرابع صفات الأب,5,s1,محتوى,1,270,p,خذ ابنك معك عندما تخرج من المنزل، أو تعمل عملاً في إصلاح شيء داخل منزلك، واشرح له ما تعمله، وإذا خرج معك، فكلفه بمسئولية ولو صغيرة، فيشعر بثقتك فيه، ويزداد حبه لك. والخلاصة أعطي وقتاً لأولادك تحت أي شكل ليراك ويسمعك وتسمعه وتصادقه.,,,
victory_over_weakness,ch5,الفصل الرابع صفات الأب,5,s1,محتوى,1,271,p,رزق شخص يدعى ديك هويت، كان يقيم في الولايات المتحدة الأمريكية، ابناً معوقاً دعاه ريك، وكان ذلك عام 1962. وكان الطفل ريك مصاباً بشلل في المخ جعله غير متزن في الحركة، ولا يتحكم في الكلام.,,,
victory_over_weakness,ch5,الفصل الرابع صفات الأب,5,s1,محتوى,1,272,p,اهتم الأب ديك بابنه، وأعطاه وقتاً كثيراً؛ ليعتني به وباحتياجاته الكثيرة. وكان ديك يتميز، رغم إعاقته بالذكاء. ولما بلغ ريك من العمر خمسة عشر عاماً، قال لأبيه:,,,
victory_over_weakness,ch5,الفصل الرابع صفات الأب,5,s1,محتوى,1,273,p,-أريد أن أمارس رياضة، وأدخل في مسابقات حتى أعمل دعاية للاهتمام بالمعاقين مثلي.,,,
victory_over_weakness,ch5,الفصل الرابع صفات الأب,5,s1,محتوى,1,274,p,استجاب الأب ديك في الحال لابنه، ورغم أنه لم يكن رياضياً، بدأ يتعلم مبادئ الرياضة بأنواعها، وذلك لمحبته واهتمامه بابنه، واستعداده أن يعطيه كل ما يحتاج من وقت حتى يكون سعيداً، إذ شعر بتعلق ابنه بهذه الرياضات. فدخل مع ريك في سباق جري. كان الأب يضع ابنه على كرسي متحرك، ويجري به في السباق. ودخل حوالي 1000 سباق، حتى أصبح المعوق ريك هويت مشهوراً في كل مكان.,,,
victory_over_weakness,ch5,الفصل الرابع صفات الأب,5,s1,محتوى,1,275,p,بشجاعة واهتمام دخل الأب الباذل المضحي المدعو ديك هويت مسابقة ترياتلون؛ وهي مسابقة تحتوي ثلاثة ألعاب متتالية، وتحتاج لقوة ممارسها، وكانت هي السباحة، ثم سباق الدراجات، ثم الجري. في سباق السباحة وضع الأب ديك ابنه ريك في قارب صغير وربط نفسه به ودخل في سباق السباحة. وفي السباق التالي وهو سباق الدراجات وضع ابنه خلفه في مقعد خاص، ودخل السباق بالدراجة، ثم بعد هذا دخل سباق الجري ووضع ابنه فوق كرسي متحرك يجري به في السباق. كل هذه السباقات أظهرت محبة الأب ديك هويت لابنه، إذ أعطى ابنه كل هذا الوقت، ومارس تمارين كثيرة؛ ليشترك هو وابنه في هذه السباقات، حتى أصبح اسم ريك هويت المعوق مشهورا في الولايات المتحدة الأمريكية، بل في العالم، وحرك الكثيرين للاهتمام بالمعوقين. وأخيراً مات الابن ريك هويت عام 2021 عن عمر 59 عاماً بعد أن ترك للعالم ذكرى قوية للاهتمام بالمعاقين، من خلال والده العظيم ريك هويت الذي لم يبخل على ابنه بأي وقت، أو أي جهد، بل كان يشعر الأب أثناء ممارسته كل هذه الرياضات أنه أقوى رجل في العالم، وأنه يعطي ابنه الذي يتمناه، بل كان الأب ديك يستمد قوته من ابنه، كما قال هذا بنفسه.,,,
victory_over_weakness,ch5,الفصل الرابع صفات الأب,5,s1,محتوى,1,276,p,احتمال الرفض: الأب الذي يهتم بتربية ابنه، يحبه ويكون مستعداً أن يحتمله، ليس فقط بالمجهود الذي يبذله لإرضائه، بل أيضاً عندما يرفض الابن طاعة كلام أبيه.,,,
victory_over_weakness,ch5,الفصل الرابع صفات الأب,5,s1,محتوى,1,277,p,وهنا تظهر المحبة الحقيقية داخل الأب، فلا ينزعج من عدم طاعة ابنه، فقد يكون الابن مستغرقاً في أفكاره وخيالاته، فلا يسرع لطاعة كلام أبيه، فيعذره الأب، فهو لا يقصد عدم الطاعة، لكنه يركز بكل كيانه في أفكاره الصغيرة. ويحتاج لطول أناة من الأب، أو الأم، فيكرر الأب كلامه مرة، ثم الأخرى.,,,
victory_over_weakness,ch5,الفصل الرابع صفات الأب,5,s1,محتوى,1,278,p,وأحياناً في سن المراهقة يرفض الابن طاعة أبيه لعدم اقتناعه، أو لأنه يريد أن يكون مستقلاً، فيتمادى في هذا الاستقلال، لدرجة أنه يرفض كثير من طلبات وأوامر والديه، فيحتاج منهما إلى حكمة في كلامهما معه، فبدلاً من أن يطلبوا طلباً محدداً، يقدموا له عدة اختيارات صالحة؛ ليختار منها الابن. فيشعر الابن بشخصيته وقدرته على اتخاذ القرار، وبهذا تظل الصداقة ما بين الوالدين وأولادهما المراهقين.,,,
victory_over_weakness,ch5,الفصل الرابع صفات الأب,5,s1,محتوى,1,279,p,إن رفض الأبناء الكبار لكلام والديهم قد يكون ناتجاً من تأثرهم بأفكار أصدقائهم، رغم أنها قد تكون أفكاراً خاطئة، والتي قد تصل إلى الضيق من والديهم رغم اقتناعهم بكل ما تعب فيه الوالدين لأجلهم، كما أعلن بولس الرسول لأهل كورنثوس: أنه كلما أحبهم أكثر يحب منهم أقل ( )، أي يرفضون كلام بولس نتيجة تأثرهم بالإخوة الكذبة المقاومين له.,,,
victory_over_weakness,ch5,الفصل الرابع صفات الأب,5,s1,محتوى,1,280,p,إن هدوء الوالدين الذي يستمدانه من علاقتهم القوية بالله، يتيح الفرصة للأبناء؛ حتى يتراجعوا عن رفضهم. وتقدير الوالدين لهذا التراجع وشكرهما للأبناء، يسند أبنائها، فيقبلوا التراجع في قرارات مختلفة.,,,
victory_over_weakness,ch5,الفصل الرابع صفات الأب,5,s1,محتوى,1,281,p,والرفض والمعارضة قد توجد لفترة، ثم تتلاشى باستمرار محبة الوالدين، وبذلهما، واحتمالهما لأبنائهم، مع قبول الوالدين لبعض الاختلافات بينهما وبين أبنائهم، فهذه اختلافات طبيعية بين الشخصيات، ولكن المحبة والإخلاص يظلا ثابتين بين الآباء والأبناء.,,,
victory_over_weakness,ch5,الفصل الرابع صفات الأب,5,s1,محتوى,1,282,p,واحتمال الوالدين لرفض أبنائهما يجب ألا يزعجهما ، فهما يمثلان الثبات في المحبة،. ولكن عند الضرورة لابد أن يعلنا رأيهما بوضوح رغم تعارضه مع ما يريده الأبناء. ولا يندفع الآباء في اتخاذ قرارت ضد أولادهم، ولكن يظلا في محبة وصلاة لأجل الأبناء الذين يتراجعون في معظم الأحيان، فإن أصر أحدهم رغم الصلاة والحب فهو يضر نفسه ،مثل الابن الضال الذي سار وراء أفكار أصدقائه، فتعب وشعر بالذل وكاد ييأس، لكن الله نبهه ورجع إلى أبيه (لو15: ).,,,
victory_over_weakness,ch5,الفصل الرابع صفات الأب,5,s1,محتوى,1,283,p,إن كان من الطبيعي أن الأب يطيل أناته على ابنه، إذا رفض كلامه، فبالطبع لا يصح أن يرفض الأب طلبات ابنه، أو يهمله. فالأبوة احتواء واحتضان واهتمام بالأبناء. الابن يمكن أن يخطئ والأب يسامحه، أما الأب، فإن أخطأ ورفض طلب ابنه، وأصر على ذلك لمدة طويلة، فهذا يغضب الرب جداً؛ لأن الأب هو مصدر الحنان وطول الأناة.,,,
victory_over_weakness,ch5,الفصل الرابع صفات الأب,5,s1,محتوى,1,284,p,إن الإبن عندما يطلب من أبيه طلباً، ويرفض الأب، ويتكرر الرفض مرات كثيرة، ولا يظهر حنان الأب واهتمامه بطلبات أبنائه، خاصة، إن اهتم بآخرين وحقق لهم طلباتهم، فالابن يشعر أن الأب لا يحبه ويرفضه، فينزعج جدً.,,,
victory_over_weakness,ch5,الفصل الرابع صفات الأب,5,s1,محتوى,1,285,p,في أحد الأديرة العامرة بالرهبان، وصل هذا الرجل العجوز، الذي يبدو عليه مظاهر الفقر، وطلب من الراهب المسئول عن الباب أن يقابل رئيس الدير، ولم يطلب شيئاً آخر. فوعده الراهب أن يسأل رئيس الدير، وذهب ليسأله، وعاد وأخبره أن رئيس الدير مشغول، وكان ذلك في الصباح الباكر.,,,
victory_over_weakness,ch5,الفصل الرابع صفات الأب,5,s1,محتوى,1,286,p,جلس الرجل الفقير عند باب الدير، ومرت الساعات، ثم كرر طلبه من الراهب المسئول عن البوابة الذي سأل رئيس الدير، ولكن اعتذر لأنه مشغول، خاصة بعدما علم أن الرجل يبدو عليه الفقر. وقال للراهب البواب أن يعطي الرجل أي شيء مادي يحتاجه، فقال أن الرجل يحتاج فقط مقابلته. فاعتذر وقال له ألا تراني مشغولاً.,,,
victory_over_weakness,ch5,الفصل الرابع صفات الأب,5,s1,محتوى,1,287,p,استمر الرجل الفقير جالساً عند الباب، وعند الظهر وصل أحد الرجال العظماء عند الدير، وأعلموا الرئيس فأدخله بترحاب شديد، وجلس معه فترة طويلة، وعند المساء خرج مع الرجل العظيم ليودعه حتى الباب، ورأى الرجل الفقير، ولكنه لم يهتم به، ودخل إلى داخل الدير.,,,
victory_over_weakness,ch5,الفصل الرابع صفات الأب,5,s1,محتوى,1,288,p,قال الرجل الفقير للراهب الذي على البوابة أن يطلب من الرئيس أن يقابله ولو دقائق، فسأل الراهب الرئيس، فقال له: أنا تعبان بعد طول اليوم المشغول، فاعتذر للرجل، ودخل إلى داخل الدير. فأبلغ الراهب الرجل الفقير أن رئيس الدير لن يستطيع مقابلته اليوم.,,,
victory_over_weakness,ch5,الفصل الرابع صفات الأب,5,s1,محتوى,1,289,p,أجاب الرجل الفقير وقال للراهب: ليتك تبلغ الرئيس إني سأرسل إليه كثيرين يمتلئ الدير بهم، ولكنه لن يذوق ملكوتي وانصرف الرجل الفقير، الذي لم ير أبوة، أو عطف من الرئيس، بل رفض أن يقابله ولو دقائق.,,,
victory_over_weakness,ch5,الفصل الرابع صفات الأب,5,s1,محتوى,1,290,p,إن القصة مؤسفة لأن الرجل الفقير قد اتضحت شخصيته، إذ كان هو المسيح الذي أتي بشكل رجل فقير، ورئيس الدير رفض أن يعطيه أي اهتمام، وانشغل العظماء، وإداريات الدير، ففقد الملكوت.,,,
victory_over_weakness,ch5,الفصل الرابع صفات الأب,5,s1,محتوى,1,291,p,المسؤولية عن أخطاء الأبناء:الأب يشعر أنه مسئول عن تربية أبنائه وتعليمهم كل شيء منذ طفولتهم، وحتى عندما يكبرون، يظل يعلمهم ويهتم بهم، ويتوقع منهم أخطاءً كثيرة أثناء تعلمهم، فيطيل أناته عليهم ويعيد تعليمهم بهدوء، إلى أن يتقنوا ما علمه لهم.,,,
victory_over_weakness,ch5,الفصل الرابع صفات الأب,5,s1,محتوى,1,292,p,وإن أخطأ الابن وهو كبير، أي في سن المراهقة أو الشباب، فمحبة الأب تهتم بالابن، وبطريقة لطيفة وباتضاع، يشجع ابنه على اجتياز نتائج الخطأ الذي ارتكبه، وبعد اجتياز الخطأ يعلمه ماذا يراعيه في المرات التالية، بل يعرفه أن من حقه أن يخطئ إلى أن يجيد تعلم السلوك السليم في الحياة، فيلتمس له العذر ويشجعه مع توجيهه للصواب.,,,
victory_over_weakness,ch5,الفصل الرابع صفات الأب,5,s1,محتوى,1,293,p,وإذا أخطأ الابن وتمادى في خطأه، يحاول الأب إظهار محبته لابنه، وتوضيح الخطأ له؛ ليراجع نفسه، وحتى لو لم يستجب الابن لإرشاد أبيه لا تقف محبة الأب نحوه، ويظل يصلي لأجله، بل يشعر أنه هو المسئول عن أخطاء ابنه؛ لأنه لو كان علمه تعليماً كافياً منذ صغره لكان هذا يحميه من التمادي في خطأه في السن الكبير، دون أن يكون مع هذا إحساس بالذنب داخل الأب يؤرق حياته، ولكن فقط محبة ونفسية متزنة. فيوجه الأب ابنه دون ضيق منه، ويطلب من الله أن يسامحه على تقصيره، ويسامح ابنه، ويطلب معونة الله؛ لينبه ابنه للطريقة التي يراها الله؛ حتى يرجع عن أخطائه.,,,
victory_over_weakness,ch5,الفصل الرابع صفات الأب,5,s1,محتوى,1,294,p,ينتظر الأب حتى يستيقظ الابن، ويرجع إلى أبيه، فيسمع توجيهاته وإرشاداته الحنونة، فيصلح الابن أي انحراف دخل فيه. وحتى لو ابتعد الابن عن أبيه شهوراً وسنيناً، يظل الأب في محبته وانتظاره لابنه، بل يسعى لإرجاعه، ويبذل كل الجهد في ذلك؛ لأنه يحب ابنه أكثر من نفسه، ويشعر طوال حياته بمسئوليته عنه.,,,
victory_over_weakness,ch5,الفصل الرابع صفات الأب,5,s1,محتوى,1,295,p,أعلم الخدام أبونا ميخائيل إبراهيم أن هنالك شاب يريد أن يترك المسيح، وأنهم حاولوا معه بوسائل مختلفة ولكنه مصر على رأيه، ولا يقبل أي كلام عن الله، ولا يراجع نفسه.,,,
victory_over_weakness,ch5,الفصل الرابع صفات الأب,5,s1,محتوى,1,296,p,صلى أبونا ميخائيل، وأخذ عنوان الشاب، ثم ذهب إلى منزله، وأبوته تحركه نحو هذا الشاب، ويشعر بمسئوليته عنه، مع أنه لا يعرفه إلا قليلاً، ولكنه من شعبه، فهو مسئول عنه أمام الله.,,,
victory_over_weakness,ch5,الفصل الرابع صفات الأب,5,s1,محتوى,1,297,p,وصل أبونا إلى شقة هذا الشاب، وطرق الباب، وهو يصلي باتضاع؛ ليتدخل الله، وينقذ ابنه، ويعيده إلى أحضانه، ويبعد عنه أي فكر غريب. ثم فتح الشاب الباب، فسجد له أبونا ميخائيل على الأرض، رغم سنه الكبير، وقال له:,,,
victory_over_weakness,ch5,الفصل الرابع صفات الأب,5,s1,محتوى,1,298,p,أخطيت يابنى.. أخطيت يابنى.. أنا يابني قصرت في حقك، لو كنت بازورك واقعد معاك ماكنتش تفكر الأفكار اللي تبعدك عن ربنا. ذهل الشاب من اتضاع أبونا الوقور، وسجوده أمامه على الأرض، وأنه لم يلمه على أي خطأ، بل يلوم وينسب الخطأ لنفسه.,,,
victory_over_weakness,ch5,الفصل الرابع صفات الأب,5,s1,محتوى,1,299,p,قام أبونا ميخائيل، ووقف على رجليه، فقال له الشاب أن يدخل، وجلس مع الشاب الذي كان مستمعاً جيداً أمام محبة أبونا واتضاعه، وتأثر بكلامه، واعتذر له عن الطريقة التي كان يريد أن يمشي فيها، وشجعه أبونا أن يرجع إلى الكنيسة، ويعترف ويتناول من الأسرار المقدسة، ثم صلى معه وشكر الله، وفرح بعودة ابنه للمسيح.,,,
victory_over_weakness,ch6,الفصل السادس مشجعات الأبوة:,6,s1,محتوى,1,1,h2,الفصل السادس مشجعات الأبوة:,,,
victory_over_weakness,ch6,الفصل السادس مشجعات الأبوة:,6,s1,محتوى,1,2,p,من أجل عظمة الأبوة، فهي المحرك الأصلي للخدمة في إشباع وراحة النفوس، بل وإشباع الأب نفسه؛ لذا يحاول الشيطان أن يعطلها. ولكن هناك مشجعات تدفعنا نحو الأبوة، فنزداد ونتعمق فيها. أهم هذه المشجعات ما يلي:,,,
victory_over_weakness,ch6,الفصل السادس مشجعات الأبوة:,6,s1,محتوى,1,3,p,اختبار الله: علاقة الحب مع الله هي التي نستمد منها الأبوة، ونتعلمها منه، فمن خلال الصلاة والكتاب المقدس نتعلم الجديد كل يوم عن الأبوة، ونختبر في معاملة الله لنا كل يوم خبرات جديدة في غفرانه ومحبته وطول أناته… فنتجاوب معه، وننمو بهدوء في مشاعر الأبوة، وفي نفس الوقت نتعمق في علاقتنا مع الله، فنشبع روحياً، ونتذوق حلاوته، فتزداد أشواقنا نحوه، وهذه الأشواق تجذبنا نحو الله، فنتذوق محبته، وهكذا نستمر في حياة روحية جميلة تشبعنا وتشبع كل من حولنا.,,,
victory_over_weakness,ch6,الفصل السادس مشجعات الأبوة:,6,s1,محتوى,1,4,p,خبراتنا مع الله لها تأثير كبير علينا؛ لأنها حدثت فعلاً معنا، وتركت علامات حب في حياتنا، وكلما ازداد تأملنا في أعمال الله، ترتفع قلوبنا بالشكر والتسبيح له. والخبرات الروحية يقف الشيطان أمامها مكتوف اليدين؛ لأنها واقع حي لا يستطيع أن يشككنا فيه، فنثبت في الأبوة.,,,
victory_over_weakness,ch6,الفصل السادس مشجعات الأبوة:,6,s1,محتوى,1,5,p,إن اختبار الله في حياتنا يجعلنا نتكلم عن الأبوة، فتخرج الكلمات حية من قلوبنا، وتؤثر في الآخرين؛ لأنها ليست مجرد كلمات تخرج من الشفاه، بل هي إحساس حقيقي يقبله الناس بسهولة، ويعمل فيهم.,,,
victory_over_weakness,ch6,الفصل السادس مشجعات الأبوة:,6,s1,محتوى,1,6,p,وخبراتنا مع الله المتزايدة تثبت إيماننا به، فنكون مستقرين لا نتزعزع، أو نهتز أمام المواقف الصعبة، فتظل أبوتنا مفتوحة نحو الآخرين فيستطيعوا أن يستندون على الله الذي فينا، ويجتازون مشاكلهم بسلام، بل وتزداد خبراتهم مع الله ومعنا، فيثبتوا هم أيضاً في إيمانهم.,,,
victory_over_weakness,ch6,الفصل السادس مشجعات الأبوة:,6,s1,محتوى,1,7,p,دعيت هذه الشابة لعيد ميلاد صديقتها التي تسكن في منزل قريب من منزلها، وكانت المسافة بين المنزلين قصيرة، وكانت تعبر في طريق ضيق داخل حديقة، وتجد نفسها بجوار منزل صديقتها. ذهبت ومعها هديتها، وكانت تصلي إلى الله الذي تعودت أن تتحدث معه؛ ليحفظها في الطريق إلى صديقتها ثم يعيدها إلى بيتها بسلام.,,,
victory_over_weakness,ch6,الفصل السادس مشجعات الأبوة:,6,s1,محتوى,1,8,p,حضرت الشابة عيد الميلاد، واستأذنت من صديقتها أن تنصرف قبل أن يتأخر الوقت؛ لأن الليل قد حل والمسافة بين المنزلين قصيرة، ولكن الجو هادئ ويفضل أن تعود لمنزلها مبكراً قدر الإمكان.,,,
victory_over_weakness,ch6,الفصل السادس مشجعات الأبوة:,6,s1,محتوى,1,9,p,خرجت الشابة من بيت صديقتها، وسارت في الطريق الضيق الذي تحوطه الأشجار من الجانبين، بل وتتشابك أغصانها فوق رأسها، وسارت في الطريق وهي تصلي ليحفظها الله كما تعودت منه.,,,
victory_over_weakness,ch6,الفصل السادس مشجعات الأبوة:,6,s1,محتوى,1,10,p,عندما وصلت إلى منتصف الطريق، نظرت من بعيد، فوجدت في نهاية الطريق رجلاً غريباً واقفاً هناك في هدوء الليل، والظلام يغطي المكان.,,,
victory_over_weakness,ch6,الفصل السادس مشجعات الأبوة:,6,s1,محتوى,1,11,p,خافت الشابة ولكنها التجأت إلى الله بالصلاة سريعاً، وقالت في نفسها: لو رجعت للخلف يمكن أن يجري ورائي، وإذا تقدمت نحوه، لا أستطيع إلا برعايتك يا رب، واستمرت في طريقها بهدوء، وصلواتها ترتفع بقوة إلى السماء، رغم أن فمها مغلق.,,,
victory_over_weakness,ch6,الفصل السادس مشجعات الأبوة:,6,s1,محتوى,1,12,p,اقتربت من الرجل، وهي خائفة من الداخل، ولكن متعلقة بالله ليحميها، ووصلت إلى الرجل، ومرت بجواره، ولم يتحرك من مكانه، أو يكلمها بشيء.,,,
victory_over_weakness,ch6,الفصل السادس مشجعات الأبوة:,6,s1,محتوى,1,13,p,شكرت الله، واستمرت في طريقها، حتى وصلت إلى منزلها، ووقفت تصلي صلاة عميقة لله الأب الحنون، الذي حفظها وأعادها بسلام إلى بيتها، وحفظها من هذا الرجل الغريب.,,,
victory_over_weakness,ch6,الفصل السادس مشجعات الأبوة:,6,s1,محتوى,1,14,p,في الصباح قرأت في الجريدة أنه تم الاعتداء على شابة في نفس المكان الذي رأت فيه الرجل بعد مرورها عليه بعشرين دقيقة. ازداد شكر الشابة لله، وعلمت أن البوليس قد قبض على خمسة رجال مشتبه بهم. وبعد الصلاة قررت أن تتصل بقسم البوليس؛ لتعرف تفاصيل ما حدث.,,,
victory_over_weakness,ch6,الفصل السادس مشجعات الأبوة:,6,s1,محتوى,1,15,p,أخبرها ضابط الشرطة وجود خمسة رجال مشتبه بهم، وطلبت الشابة بشجاعة أن ترى هؤلاء الخمسة رجال؛ لأنها قد تستطيع التعرف على الجاني، فرحب الضابط بحضورها.,,,
victory_over_weakness,ch6,الفصل السادس مشجعات الأبوة:,6,s1,محتوى,1,16,p,وصلت الشابة إلى قسم البوليس، وأدخلوها لترى الخمسة رجال، فتعرفت بسهولة على الرجل الذي رأته في الليلة الماضية. ثم خرجت من هذه الغرفة، وانتظرت قليلاً، ثم حضر إليها الضابط وقال لها: أشكرك جداً؛ لأنك أرشدتينا إلى المتهم الذي انهار واعترف بجريمته.,,,
victory_over_weakness,ch6,الفصل السادس مشجعات الأبوة:,6,s1,محتوى,1,17,p,سألت الشابة الضابط وقالت له: إني مررت في نفس المكان قبل هذا الميعاد بعشرين دقيقة، فلماذا لم يقترب إلى المتهم؟ فقال لها الضابط: سأساله، ودخل إليه.,,,
victory_over_weakness,ch6,الفصل السادس مشجعات الأبوة:,6,s1,محتوى,1,18,p,عاد الضابط إلى الشابة، وقال لها: إن المتهم أجاب: كيف أقترب إلى هذه الشابة؟ وهي تسير وبجوارها رجلان يلبسان ملابس بيضاء، بالطبع لم أتحرك أو أتكلم معها. فعلمت الشابة أن الله أرسل لها، عندما صلت، ملاكين بثياب بيض لم ترهما، ولكن المتهم رآهما، وحفظاها حتى وصلت إلى بيتها، فوقفت تصلي صلاة حارة، مثل الصلاة التي صلتها بالأمس، وكانت دموع الفرح تغطي خديها، وهي تشكر الله.,,,
victory_over_weakness,ch6,الفصل السادس مشجعات الأبوة:,6,s1,محتوى,1,19,p,النمو الروحي: إن كانت العلاقة مع الله هي مصدر الأبوة، التي يتعلمها الأب، أو الخادم من الله، فبالطبع الازدياد والنمو في العلاقة مع الله يقوي الأبوة داخل الإنسان.,,,
victory_over_weakness,ch6,الفصل السادس مشجعات الأبوة:,6,s1,محتوى,1,20,p,النمو الروحي هو سعي نحو الله للتمتع بالكلام معه من خلال الصلاة بكل أشكالها، سواء في الكنيسة، أو المخدع، أو بكل صورها، مثلا القداس والأجبية والتسبحة وكل شكل آخر، ومن خلال سماع صوته في الكتاب المقدس وتعاليم الكنيسة. وكلما اقترب الخادم من الله يكشف له الله أسراره، فيرى الأبوة الكاملة التي هي مصدر كل أبوة في العالم.,,,
victory_over_weakness,ch6,الفصل السادس مشجعات الأبوة:,6,s1,محتوى,1,21,p,الله هو الذي يعطي حياة لكل البشر، بل وكل المخلوقات، فتظهر أبوة الله في عنايته بكل مخلوق صغير أو كبير؛ ليتعلم الأب أن يعتني بكل أولاده، بل ويهتم بكل كبيرة وصغيرة في حياته. وعندما يعطي الأب أولاده، يعطيه الله أكثر وأكثر، فيزداد عطاؤه لأولاده، وهكذا فالعلاقة مع الله تنمي مشاعر الأبوة والعطاء عند كل أب.,,,
victory_over_weakness,ch6,الفصل السادس مشجعات الأبوة:,6,s1,محتوى,1,22,p,النمو الروحي يشبع الخادم ويرفعه إلى السماء، فيزداد تجرده واتضاعه، فيسهل عليه أن يحتوي أولاده، ويتنازل أكثر وأكثر عن احتياجاته؛ ليشبع أولاده، وهذه هي الأبوة الحقيقية؛ عندما يفضل الخادم أولاده عن نفسه.,,,
victory_over_weakness,ch6,الفصل السادس مشجعات الأبوة:,6,s1,محتوى,1,23,p,في القرن الرابع حدثت هذه القصة العجيبة مع قاضي أمين في عمله، ولكنه قاسي على الضعفاء والمحتاجين.,,,
victory_over_weakness,ch6,الفصل السادس مشجعات الأبوة:,6,s1,محتوى,1,24,p,حدثت مجاعة في المنطقة، وأتاه رجل عجوز فقير يطلب طعام، فرفض أن يعطيه، وبعد إلحاح ألقى له خبزة.,,,
victory_over_weakness,ch6,الفصل السادس مشجعات الأبوة:,6,s1,محتوى,1,25,p,أصيب القاضي بآلام في جسده، وأحضر الأطباء، فلم يستطيعوا علاجه، وساءت حالته، حتى فارق الحياة، وأخذت الشياطين روحه، ولكن المسيح أوقفهم؛ لأن هذا الرجل صنع رحمة، وأعطى الفقير خبزة، فعادت روحه إلى جسده، وعادت إليه صحته.,,,
victory_over_weakness,ch6,الفصل السادس مشجعات الأبوة:,6,s1,محتوى,1,26,p,تغير القاضي من القسوة على الفقراء إلى الرحمة، وبدأت مشاعر الأبوة والعطاء تملأ قلبه؛ لأنه بسبب خبزة واحدة رحمه الله الأب الحنون، وأعطاه فرصة أن يحيا من جديد. وبدأ يعطي؛ لينال الملكوت. وارتبط بالكنيسة التي كان بعيداً عنها، وتمسك بالأسرار المقدسة، وازداد في عمل الخير، ومساعدة كل محتاج في أبوة وحنان؛ حتى أن الكاهن جعله مسئولاً عن خدمة الفقراء.,,,
victory_over_weakness,ch6,الفصل السادس مشجعات الأبوة:,6,s1,محتوى,1,27,p,استمر القاضي يعطي من أموال الكنيسة ومن أمواله لكل من في المدينة وفي المدن المجاورة، حتى نفذت كل أمواله. فباع نفسه عبداً وتصدق بثمنه على الفقراء.,,,
victory_over_weakness,ch6,الفصل السادس مشجعات الأبوة:,6,s1,محتوى,1,28,p,سمع البطريرك بخبره، فدفع المال وحرره من عبوديته، وأخذه ليخدم معه. واستمر مدة طويلة، ظهرت فيها أبوته ومحبته للمحتاجين، وكلماته الأبوية المشجعة، وصلى البطريرك صلوات كثيرة، فأرشده الله، ورسمه أسقفاً، وعاش حياته في أبوة لجميع الشعب، وعطاء لكل محتاج.,,,
victory_over_weakness,ch6,الفصل السادس مشجعات الأبوة:,6,s1,محتوى,1,29,p,الحاجة إلى مشاعر الأبوة:إن كانت الأبوة اهتماماً بالأبناء الجسديين، أو الروحيين، وإشباعاً لاحتياجاتهم، ولكن المستفيد الأول بمشاعر الأبوة هو الأب قبل الأبناء؛ لأن مشاعر الأبوة تفرح قلب الأب، فالعطاء يسعد العاطي قبل من ينال العطية. وعندما يحرك الله مشاعر الأب للاهتمام بأولاده، يشعر براحة عندما يهتم بهم؛ لأن مشاعر الأبوة مريحة ومشبعة للأب، إذ يصير أنساناً كما يريده الله، يميل للعطاء والاهتمام بالآخرين.,,,
victory_over_weakness,ch6,الفصل السادس مشجعات الأبوة:,6,s1,محتوى,1,30,p,وعندما يعطي الأب ويتجاوب مع مشاعر الأبوة التي في داخله، تزداد أبوة الله له، فيتسع قلب هذا الأب؛ ليحتوي الكثيرين، ويهتم بكل تفاصيل حياة أولاده؛ ليساندهم في كل شيء، فتزداد سعادة الأب عندما يرى سعادة أولاده.,,,
victory_over_weakness,ch6,الفصل السادس مشجعات الأبوة:,6,s1,محتوى,1,31,p,وإذا تجاوب الأبناء مع والديهم، يشعر الوالدان بمحبة أولادهم، ويشكران الله، ويعطيانهم قدر ما يستطيعان من محبة واهتمام.,,,
victory_over_weakness,ch6,الفصل السادس مشجعات الأبوة:,6,s1,محتوى,1,32,p,وكلما تمتع الأب بمشاعر الأبوة واستغلها في الميل للاهتمام بأولاده، تزداد تدريجياً مشاعر الأبوة في داخله، فيزداد تلذذه بها. وحتى لو لم يتجاوب أحد أبنائه، يظل يصلي لأجله، ويعطيه محبة قدر ما يجد فرصة؛ لأن مشاعر الأبوة تنساب من داخله تلقائياً، وإن تعب جسدياً، لكن روحه تكون نشيطة، وقلبه يكون في سعادة لا يعبر عنها.,,,
victory_over_weakness,ch6,الفصل السادس مشجعات الأبوة:,6,s1,محتوى,1,33,p,أما إذا تجاوب الابن مع أبيه، يزداد اهتمامه به، ويعطيه كثيراً قدر تجاوبه، فينمو الابن في علاقة مع الله، والفضل يرجع لأبوة أبيه.,,,
victory_over_weakness,ch6,الفصل السادس مشجعات الأبوة:,6,s1,محتوى,1,34,p,وإن رفض الابن التجاوب مع أبيه، أو غضب منه، يظل الأب ثابتاً في محبته؛ لأن الأبوة التي في داخله تحركه نحو أولاده، حتى لو كان الابن غير حكيم، أو أخطأ، يظل الأب يحبه، لكن الله يتضايق من الابن، ويحاول تنبيه للتجاوب مع أبيه، وتنقية قلبه؛ ليكون ابناً حسناً، ومشاعره متجاوبة مع حب أبيه.,,,
victory_over_weakness,ch6,الفصل السادس مشجعات الأبوة:,6,s1,محتوى,1,35,p,تمت سيامة هذا الكاهن، وذهب إلى الدير؛ ليقضي فترة الأربعين يوماً؛ ليستعد لخدمة الكهنوت. وفي اليوم الذي سيستلم فيه الكاهن الجديد الذبيحة، ويصير هو الكاهن الخديم الذي يبدأ القداس ويتلو الصلوات التي يحل فيها الروح القدس على الذبيحة،حضر إلى الدير رحلة من شعب هذا الكاهن؛ ليحتفلوا معه باستلام الذبيحة، وحضروا قداساً أقامه كاهنهم مع الأب الراهب الذي سلمه وعلمه طقس القداس.,,,
victory_over_weakness,ch6,الفصل السادس مشجعات الأبوة:,6,s1,محتوى,1,36,p,بدأت صلوات القداس برفع البخور، وفيما الكاهن الجديد يصلى، أخطأ في أحد الطقوس، فنبهه الراهب ليصلح الخطأ، وكان ذلك بصوت مرتفع سمعه الشعب، وكان الراهب يقصد ألا يستمر الكاهن في الخطأ ويعود للطقس السليم، ولكن الكاهن الجديد شعر بالحرج أنه أخطأ في الطقس أمام شعبه. فتضايق الكاهن من الراهب الذي علمه القداس، وكان يود أن ينبهه بصوت منخفض، ولكن الراهب لم يكن يقصد شيئ إلا تنبيه الكاهن بسرعة وفي نظره أنه كاهن جديد معرض للخطأ وهذا شيء طبيعي وبالتالي معه كل العذر.,,,
victory_over_weakness,ch6,الفصل السادس مشجعات الأبوة:,6,s1,محتوى,1,37,p,بعد انتهاء رفع البخور، ذهب الكاهنان ليلبسا ملابس الكهنوت البيضاء، وقال الأب الراهب لأبونا الجديد: حاللني يا أبي. فلم يرد عليه الكاهن الجديد بالقول المعروف؛ الله يحاللك، لكنه صمت؛ لأنه متضايق من الراهب. لم يشعر الراهب بشيء، إذ اعتبر أن الكاهن الجديد لم يتعود بعد على كلمة الله يحاللك، أو أنه قد يكون قالها بصوت منخفض.,,,
victory_over_weakness,ch6,الفصل السادس مشجعات الأبوة:,6,s1,محتوى,1,38,p,صلى الكاهن الجديد ومعه الراهب القداس، وأكملاه بسلام، وبعد أن بارك الكاهن الجديد شعبه، وقضى معهم وقتاً كافياً، انصرفوا. وعاد الكاهن إلى الحجرة التي ينام فيها، وصلى ونام.,,,
victory_over_weakness,ch6,الفصل السادس مشجعات الأبوة:,6,s1,محتوى,1,39,p,بعد أن نام الكاهن الجديد، شعر بحركة في حجرته، فاستيقظ ورأى ملاكاً كبيراً، قدماه على الأرض، أما رأسه فلم يكن ظاهراً؛ لأنه اخترق سقف الحجرة، أي كان ملاكاً كبيراً في الحجم. فخاف جداً وقال:,,,
victory_over_weakness,ch6,الفصل السادس مشجعات الأبوة:,6,s1,محتوى,1,40,p,انت مين يا سيدي؟ اجاب الملاك وقال:,,,
victory_over_weakness,ch6,الفصل السادس مشجعات الأبوة:,6,s1,محتوى,1,41,p,أنا ملاك الذبيحة الذي حضرت معاك القداس، ومش قادر اطلع السما بالصلوات إلى الله عشان إزاي تتجرأ وانت زعلان من أبونا وتصلى القداس وتتناول وتناول الناس؟ ازداد خوف الكاهن، وقال للملاك:,,,
victory_over_weakness,ch6,الفصل السادس مشجعات الأبوة:,6,s1,محتوى,1,42,p,أعمل إيه يا سيدي أنا غلطان أنا آسف.أجاب الملاك وقال:,,,
victory_over_weakness,ch6,الفصل السادس مشجعات الأبوة:,6,s1,محتوى,1,43,p,قوم بسرعة، روح لأبونا اللي زعلت منه، وقوله اللي كان لازم تقوله في القداس، قوله الله يحاللك وما تزعلش منى وحقك على إني زعلت منك. أسرع الكاهن الجديد وخرج من حجرته، وذهب لقلاية الراهب الذي علمه القداس، وكانت الساعة الثانية صباحاً، أي أن الراهب كان في نوم عميق، وأخذ الكاهن يطرق الباب حتى استيقظ الراهب، وقال:,,,
victory_over_weakness,ch6,الفصل السادس مشجعات الأبوة:,6,s1,محتوى,1,44,p,مين اللي بيخبط؟ فأجاب الكاهن:أنا ابنك أبونا اللي صليت معاك القداس، أرجوك افتح لي الباب.قال الراهب:,,,
victory_over_weakness,ch6,الفصل السادس مشجعات الأبوة:,6,s1,محتوى,1,45,p,إيه يا أبونا الساعة 2 انت عاوز إيه؟قال الكاهن:,,,
victory_over_weakness,ch6,الفصل السادس مشجعات الأبوة:,6,s1,محتوى,1,46,p,أرجوك افتح ليقام الراهب وفتح الباب للكاهن الذي حكي له كل شيء، وقال له:,,,
victory_over_weakness,ch6,الفصل السادس مشجعات الأبوة:,6,s1,محتوى,1,47,p,أنا غلطت في حقك يا أبونا أنا زعلت منك لما صلحت لي الغلط في القداس، وبقيت مكسوف من الشعب اللي معايا ولما انت قلت لي حاللني ساعة ما كنا بنلبس هدوم الكهنوت أنا ما رديتش عليك وقولت لك الله يحاللك. ودولقتي ملاك الذبيحة ظهر لي في أوضتي وزعق لي وقاللي: إزاي تزعل من أبونا وتصلي القداس وانت زعلان وما تقولوش الله يحاللك. أرجوك سامحني و الله يحاللك. الله يحاللك.تعجب الراهب وشكر الله الذي يهتم بأولاده، ويعلمهم نقاوة القلب، فأرسل ملاك الذبيحة؛ ليعلمه هو والكاهن الجديد التسامح. وقال للكاهن الجديد:,,,
victory_over_weakness,ch6,الفصل السادس مشجعات الأبوة:,6,s1,محتوى,1,48,p,متشكر يا أبونا الله يحاللك، وارجع قلايتك واستريح، وده درس حلو ليا وليك عشان نتعلم نسامح الناس مهما غلطوا فينا.عاد الكاهن إلى حجرته، فوجد الملاك، وأخبره أنه أطاع كل كلامه، فطمأنه الملاك، وارتفع للسماء؛ ليرفع صلوات القداس وكل صلوات الكهنة والشعب لله.,,,
victory_over_weakness,ch6,الفصل السادس مشجعات الأبوة:,6,s1,محتوى,1,49,p,الصلابة الروحية: الأب يواجه في حياته ضيقات متنوعة، ويعاني منها، ويطلب من الله أن يسنده، ويرفعها عنه، وبعد الجهاد في الصلوات والميطانيات والأصوام، تعبر الضيقة، ويذهب كل توتر داخل الأب، ويتمتع بسلامه الداخلي.,,,
victory_over_weakness,ch6,الفصل السادس مشجعات الأبوة:,6,s1,محتوى,1,50,p,بعد عبور الضيقة، يشعر الأب أنه قد اختبر الله، واكتسب قوة جديدة منه. وبالتالي، عندما يواجه أية مواقف في حياته، لم يكن يتوقعها، يستطيع أن يواجهها بقوة الله، فتمر عليه بهدوء، في حين يجد من حوله قد انزعجوا وتضايقوا أكثر منه.,,,
victory_over_weakness,ch6,الفصل السادس مشجعات الأبوة:,6,s1,محتوى,1,51,p,بتكرار الضيقات التي يسمح بها الله للأب، والتي يرسلها بمقدار يستطيع أن يحتمله الأب، تزداد قوته تدريجياً، ويكتسب الأب قوة تسمى الصلابة الروحية، فلا يعود ينزعج من الضيقات، بل يكون متميزاً في مواجهة الأمور المعاكسة، والمواقف الصعبة، فيصلي ويشكر الله الذي يسنده، ويكون بهذا قدوة لمن حوله، حتى يحتملوا ما يمر بهم من ضيقات، فيزداد قوة مثله، فيربي أجيالاً قوية، ويشكر أبناءه؛ لأنهم رأوا الله فيه، وتعلموا منه الصبر في الضيقات لاكتساب قوة الله، والتشدد بهذه القوة، فتزداد أبوته وثباته ومساندته لأولاده.,,,
victory_over_weakness,ch6,الفصل السادس مشجعات الأبوة:,6,s1,محتوى,1,52,p,باكتساب الأب الصلابة الروحية، يكون هادئاً، ويستطيع أن ينمو روحياً، ويعلم أولاده وصايا الله وتعاليمه بهدوء، فيقبلوها برضى، ويشرحها لهم، ويتناقشوا معه في حوار لطيف، فتزداد قوتهم هم أيضاً.,,,
victory_over_weakness,ch6,الفصل السادس مشجعات الأبوة:,6,s1,محتوى,1,53,p,وبالصلابة الروحية أيضاً، يتقبل الخدمات والمسئوليات مهما كانت كبيرة، أو صعبة مادام الله قد وضعه فيها، أو أرسلها إليه؛ لأنه يثق أن الله هو الذي سيعمل فيه وبه، ثم يخرج من هذه المسئوليات بصلابة أكبر؛ لأنه في داخل هذه المسئوليات يختبر الصلوات الكثيرة، وعمل الله الذي يفوق العقول.,,,
victory_over_weakness,ch6,الفصل السادس مشجعات الأبوة:,6,s1,محتوى,1,54,p,ارتبط هذا الخادم بالكنيسة بالإسكندرية، وأحب خدمته، وكان مجتهداً في دراسته، وخدمته، وكل حياته. وبعدما تخرج من كلية الهندسة، عمل مهندساً بإحدى شركات الكمبيوتر، واستمر في خدمته، وتميز بالخدمة الفردية التي ظهرت فيها أبوته لأولاده.,,,
victory_over_weakness,ch6,الفصل السادس مشجعات الأبوة:,6,s1,محتوى,1,55,p,بعد سنوات قليلة،,,,
victory_over_weakness,ch6,الفصل السادس مشجعات الأبوة:,6,s1,محتوى,1,56,p,تم الاستغناء عنه بالشركة التي يعمل بها، وفقد وظيفته، ولكنه لم ينزعج وصلى، وأخذ يبحث عن وظيفة جديدة، واستغل فرصة تفرغه؛ ليرتبط بصلواته في الكنيسة أكثر من ذي قبل، ويعطي وقتاً أكبر لخدمته، واهتمامه بكل ولد من أولاده.,,,
victory_over_weakness,ch6,الفصل السادس مشجعات الأبوة:,6,s1,محتوى,1,57,p,طالت مدة بحثه عن عمل له في الإسكندرية كلها، وتعجب زملاؤه؛ لأنه كان ناجحاُ في عمله السابق، وناجحاً أيضاً في خدمته بالكنيسة. ولكنه كان متكلاً على الله، وتقبل هذه الضيقة بشكر، فكان مثالاً في الصلابة الروحية واحتمال الضيقات؛ لأنه ظل سبع سنوات يبحث عن عمل ولم يجد.,,,
victory_over_weakness,ch6,الفصل السادس مشجعات الأبوة:,6,s1,محتوى,1,58,p,أخيراً، أرسل له الله فرصة عمل عن طريق أحد زملائه بالكنيسة، وكانت وظيفة مندوب مبيعات في شركة كمبيوتر، قبلها بفرح، رغم أنه كان يتمنى أن يعمل في تخصصه، بدلاَ من المبيعات. واتصل بالمدير المسئول، وأخذ منه ميعاداً للمقابلة، وكانت الساعة الثالثة ظهراً.,,,
victory_over_weakness,ch6,الفصل السادس مشجعات الأبوة:,6,s1,محتوى,1,59,p,خرج المهندس من منزله الساعة الثانية ظهراً، واتجه سيراً على الأقدام إلى مكان الشركة القريب من منزله. وفي الطريق سمع صوتاً خلفه ينادي:,,,
victory_over_weakness,ch6,الفصل السادس مشجعات الأبوة:,6,s1,محتوى,1,60,p,يا ابني يا بنتي الحقوني. فنظر خلفه ووجد سيدة عجوز عمياء تطلب المساعدة، فقال في نفسه:,,,
victory_over_weakness,ch6,الفصل السادس مشجعات الأبوة:,6,s1,محتوى,1,61,p,أعمل ايه؟ أروح معاد الشغل الجديد اللي استنيته سبع سنين؟ والا أساعد الست الغلبانة دي؟تحركت مشاعر الأبوة داخله، وتغلبت على كل شيء، وقال للسيدة:,,,
victory_over_weakness,ch6,الفصل السادس مشجعات الأبوة:,6,s1,محتوى,1,62,p,عايزة تروحي فين يا ستي؟ فقالت له:,,,
victory_over_weakness,ch6,الفصل السادس مشجعات الأبوة:,6,s1,محتوى,1,63,p,أنا ساكنة في السيوف يا ابني. فأخذ يدها، وأوقف تاكسي، وأوصلها إلى بيتها في منطقة السيوف بالاسكندرية، وفرحت ابنتها عندما رأتها، ثم عاد المهندس بالتاكسي إلى مكان الشركة؛ ليقابل المدير. فوصل حوالي الساعة الرابعة ظهراً. وعندما قابله المدير، وعرف أنه الشخص المتقدم للوظيفة، أعلن غضبه بشدة، وأهان المهندس بكلمات توبيخ كثيرة، لأنه لم يلتزم بميعاد المقابلة، فهو بالطبع لا يصلح، ولا يؤتمن على الوظيفة وطرده بغضب شديد.,,,
victory_over_weakness,ch6,الفصل السادس مشجعات الأبوة:,6,s1,محتوى,1,64,p,تأثر الخادم ولكنه صلى إلى الله، وقال له:,,,
victory_over_weakness,ch6,الفصل السادس مشجعات الأبوة:,6,s1,محتوى,1,65,p,لتكن إرادتك يا رب.\ سأله زملاؤه، فأعلمهم بما حدث، فحاولوا تعزيته ومساندته، ولكن تعجبوا لهدوئه وثباته أمام هذا الموقف الصعب، خاصة أنه جاء بعد ضيقة شديدة، وهي انتظاره سبع سنوات.,,,
victory_over_weakness,ch6,الفصل السادس مشجعات الأبوة:,6,s1,محتوى,1,66,p,ارتفعت صلوات هذا الخادم، وهي محوطة بصلوات كل أحبائه، واستمر في خدمته، وهو غير متزعزع، ولكن واثق أن الله لن يتركه. وبعد أربعة أيام فقط أتته فرصة لعمل أفضل في شركة للكمبيوتر، ليعمل في مجاله، وتقدم الكثيرون، وظل يصلى بعد المقابلة، وتظهر النتيجة باختياره قبل كل المتقدمين معه، وكان الراتب أفضل بكثير الوظيفة التي فقدها منذ أيام. شكر الله، وعمل يهذه الوظيفة، واستمر في خدمته، وصار هذا الخادم مثالاً للصلابة الروحية، واحتمال الضيقات وسط كل زملائه الخدام.,,,
victory_over_weakness,ch6,الفصل السادس مشجعات الأبوة:,6,s1,محتوى,1,67,p,المسيح الأب: من المشجعات الهامة للأبوة، النظر إلى ربنا يسوع المسيح في حياته على الأرض، كيف كان أباً لكل من حوله، وفي كل معاملاته، بل هو المثل الأعلى في الأبوة.,,,
victory_over_weakness,ch6,الفصل السادس مشجعات الأبوة:,6,s1,محتوى,1,68,p,إن المسيح هو الإنسان كما يريده الله، أي مثال للأب الحقيقي الذي يتعلم منه كل أب وكل أم، وكل خادم وكل خادمة.,,,
victory_over_weakness,ch6,الفصل السادس مشجعات الأبوة:,6,s1,محتوى,1,69,p,كان المسيح أباً لكل الشعب، ويهتم بكل واحد على حدى، فهو لا يكتفي بوعظ الناس وإرشادهم، أو إطعامهم عندما يكونوا جائعين، بل اهتم بكل محتاج، فنراه يهتم بشفاء حماة بطرس، ويسير ست ساعات؛ ليلتقي بالسامرية، ويدخل أريحا ليرى زكا فوق الشجرة، ويدخل بيته؛ ليهتم به وبكل العشارين والخطاة.,,,
victory_over_weakness,ch6,الفصل السادس مشجعات الأبوة:,6,s1,محتوى,1,70,p,إنه اهتم بالمرضى وشفاهم، وبالمعذبين من الأرواح النجسة وأخرجها منهم. اهتم بالشيوخ والأطفال، وكان أباً لكل من يسأله، فيرشده إلى طريق الحياة الأبدية.,,,
victory_over_weakness,ch6,الفصل السادس مشجعات الأبوة:,6,s1,محتوى,1,71,p,"كان أباً يحتمل كل ما يقابله من متاعب، تصل إلى محاولة قتله، فحقاً كما قال الكتاب المقدس: "" جاء إلى خاصته وخاصته لم تقبله"" (يو1: ). احتمل الكتبة والفريسيين وأيضاً الكهنة ورؤساء الكهنة. وكل هؤلاء الأشرار حاولوا اصطياده بكلمة ولم يستطيعوا، وأخيراً قبضوا عليه وجلدوه واستهزأوا به، ثم صلبوه أما هو فظل في أبوته حتى وهو على الصليب، فصلى لأجل صالبيه عندما قال: "" يا أبتاه اغفر لهم لأنهم لا يعلمون ماذا يفعلون"" ( ).",,,
victory_over_weakness,ch6,الفصل السادس مشجعات الأبوة:,6,s1,محتوى,1,72,p,إن أبوته تحتمل من يسرق أمواله، بل من يسلمه للموت، فيظل ينبهه ليتوب حتى آخر لحظة وهو يهوذا الاسخريوطي. واحتمل تشككات تلاميذه، وإنكار توما له، وانتهار بطرس له، احتمل الكل، خاصة أن الجميع تركوه، ولم يسانده أحد، لكن أبوته ظلت حتى الصليب عندما فتح أحضانه ليحتضن البشرية كلها التي تؤمن بخلاصة، وأبوته التي لا يعبر عنها.,,,
victory_over_weakness,ch6,الفصل السادس مشجعات الأبوة:,6,s1,محتوى,1,73,p,عاشت هذه الأسرة المكونة من الأب والأم وشابان، كانت علاقة الأب والأم بالكنيسة جيدة، أما الشابان فكانت علاقتهما قوية في طفولتهما، ولما كبرا صارت لهما علاقة محدودة بالكنيسة، وكانت حالة الأسرة المادية متيسرة.,,,
victory_over_weakness,ch6,الفصل السادس مشجعات الأبوة:,6,s1,محتوى,1,74,p,مات الأب وترك أموالاَ كثيرة، حزنت عليه الأم وابناها. ولكن بعد فترة قليلة بدأ النزاع حول الميراث، واختلف الشابان على اقتسام الميراث، كل واحد منهما يريد أن يأخذ أكثر من الآخر، ويختار ما يفضله. مرت الأيام والمنازعات مستمرة، وبدأت التهديدات كل واحد للآخر، والشتائم والعنف، حتى هدد أحدهما الآخر أنه إذا أخذ هذا الجزء سيقتله.,,,
victory_over_weakness,ch6,الفصل السادس مشجعات الأبوة:,6,s1,محتوى,1,75,p,"حاولت الأم تهدئتهما كثيراً، ولم تنجح، إذ كان غضبهما يزداد تدريجياً، ولأنهما بعيدان عن الكنيسة، لم يمكن الرجوع إلى أحد الآباء الكهنة ولا الخدام، ولم يكن أمام الأم إلا الصلاة، واللجوء لله الأب الحقيقي للأسرة؛ لينقذ الأسرة من الضياع الشر الذي وصل إليه الإبنان. وعندما سمعت الأم ابنها يهدد أخيه بالقتل، أغلقت عليها حجرتها, وطلبت من المسيح أن يتدخل سريعاً، لينقذ إبنيها، وينقذها من أفكار الشيطان.",,,
victory_over_weakness,ch6,الفصل السادس مشجعات الأبوة:,6,s1,محتوى,1,76,p,نامت الأم في هذه الليلة بعد الصلوات الكثيرة، فحلمت حلماً عجيباً، إذ وجدت طرقاً على باب الشقة وعندما فتحت الباب وجدت المسيح بنفسه واقفاً على الباب، ويحمل دلواً (جردل) به ماء ومقشة، فتعجبت جداً، ولكنها وجدت المسيح قد دخل إلى المنزل، وبدأ يسكب الماء على الأرض، ويمسح الشقة بالمقشة، ودخل جميع الحجرات ونظفها، وهي واقفة في ذهول. وبعد أن أنهى تنظيف البيت خرج وأغلق الباب وراءه، ثم قامت من نومها.,,,
victory_over_weakness,ch6,الفصل السادس مشجعات الأبوة:,6,s1,محتوى,1,77,p,ذهبت لتنظر ابنيها فوجدتهما قد قاما من النوم، وكل واحد منهما ينظر إليها في ذهول، فسألتهما عن سبب هذا الذهول، فحكى لها كل واحد منهما أنه رأى نفس الحلم التي رأته. فقالت لهما: هل تفهمان؟ فسكتا، فقالت:,,,
victory_over_weakness,ch6,الفصل السادس مشجعات الأبوة:,6,s1,محتوى,1,78,p,المسيح جه بنفسه عشان يضف شقتنا المليانة وساخة… عشان ينضف قلوبنا اللي اتملت بالشر، ماكنش فيه حل غير إنه يجي بنفسه عشان يبعد الشيطان عننا، انتو لسة ما فهمتوش بعد الحلم ده. فنظر كل واحد منهما للأرض في خجل وتوبة، ثم رفع أحدهما رأسه وقال لأخيه:,,,
victory_over_weakness,ch6,الفصل السادس مشجعات الأبوة:,6,s1,محتوى,1,79,p,أنا غلطان حقك عليا في كل اللي قلته سامحنى أنا مش عايز حاجة أنا عايز أفضل أحبك وتحبني علطول انت أخويا وماليش غيرك. فأجاب الآخر أخيه:أنا اللي غلطان سامحنى وخد كل اللي انت عايزه انا عايز ارجع للكنيسة وأعيش مع المسيح أبويا وأبوك. فرحت الأم جداً، وأسرعت لتحضتن ابنيها والكل احتضن الآخر، وقرر الجميع أن يذهبوا لأب الإعتراف ليعترفوا ثم يتناولوا من الأسرار المقدسة ويعيشوا خاضعين لأبيهم الحقيقي ربنا يسوع المسيح الذي بذل حياته على الصليب وما زال يحاول أن ينظف قلوبهم إذا اتسخت بالشر.,,,
victory_over_weakness,ch6,الفصل السادس مشجعات الأبوة:,6,s1,محتوى,1,80,p,الشكر:الله يعطي أولاده بركات كثيرة، ولكن بعضهم يشكر بطريقة سطحية، أو سريعة، واللآخر يشكر بتدقيق، وبالتفصيل، فيزداد شعوره بنعمة الله التي معه، ويفرح ويشكر الله من كل قلبه.,,,
victory_over_weakness,ch6,الفصل السادس مشجعات الأبوة:,6,s1,محتوى,1,81,p,ومن يشكر يشعر بيد الله معه تسنده، فيتشجع، ويزداد شكره لله، وينفتح باب الرجاء أمامه، فيتحمس، ويخدم بأمانة، فتزداد مشاعر الأبوة داخله، فيعطي بحب أكثر وأكثر.,,,
victory_over_weakness,ch6,الفصل السادس مشجعات الأبوة:,6,s1,محتوى,1,82,p,إن كل إنسان وضع الله فيه مشاعر الأبوة، أو الأمومة، ولكن من يشكر يشعر بيد الله، فتنمو مشاعر الأبوة داخله، ويشعر بسعادة عندما يهتم بمن حوله، ومن أجل سعادته يزداد عطاؤه وفرحه تدريجياً، وينمو بلا حدود.,,,
victory_over_weakness,ch6,الفصل السادس مشجعات الأبوة:,6,s1,محتوى,1,83,p,الله غنى بلا حدود، وفي نفس الوقت محبته غير محدودة لأولاده البشر، ويعطيهم بسخاء، خاصة من يشكر الله، فتزداد عطايا الله له، فيزداد شكراً، وهكذا يتمتع أكثر من غيره، وبالطبع تزداد أبوته وعطاؤه طوال حياته.,,,
victory_over_weakness,ch6,الفصل السادس مشجعات الأبوة:,6,s1,محتوى,1,84,p,نفهم مما سبق أن الشكر يشجع على الأبوة، والأبوة تدفع الإنسان للعطاء، والعطاء يملأ القلب بالسعادة، فيتضاعف تلذذ الإنسان بالحياة، وهكذا يصل هذا لما يتمناه كل البشر ولا يستطيعون الوصول إليه، وهو السلام والفرح والتلذذ بالحياة.,,,
victory_over_weakness,ch6,الفصل السادس مشجعات الأبوة:,6,s1,محتوى,1,85,p,سمع الخادم المسئول عن اجتماع الحرفيين بالكنيسة أن هناك سيدة مريضة، وتحتاج لمن يزورها ويسأل عنها. فأخذ العنوان، ثم سأل في الاجتماع: من يريد أن يأتي معي في هذه الزيارة؟ فأظهرت ثلاث من السيدات استعدادهن.,,,
victory_over_weakness,ch6,الفصل السادس مشجعات الأبوة:,6,s1,محتوى,1,86,p,"في صباح أحد الأيام، ذهب الخادم معه هؤلاء السيدات، الأعضاء في الاجتماع الروحي للحرفيين، إلى العنوان الذي وصل إليهم. وعندما وصلوا إلى المسكن، وكان بالدور الأرضي، وجدوا باب الشقة ليس مغلقاً، فنادوا على السيدة، فأجابتهم ورحبت بهم. فدخلوا ووجدوا سيدة كبيرة تنام على سرير، فعرفوها بأنفسهم، وعلموا منها أنها مريضة بالسرطان، ولا تستطيع الحركة، ولكن قالت لهم أنها تشكر الله الذي حافظ عليها, ويدبر لها كل احتياجاتها.",,,
victory_over_weakness,ch6,الفصل السادس مشجعات الأبوة:,6,s1,محتوى,1,87,p,لاحظت السيدات أن الشقة مهملة ومتسخة جداً، ولا تصلح للسكن. تحركت قلوبهن بالإشفاق عليها، وتعجبن لأنه رغم كل هذا المرض، والمكان غير المناسب، تشكر الله من كل قلبها. فشكرن الله على أنهن لهن بيوتاً نظيفة ومرتبة، وإن كانت ليست مثل بيوت الأغنياء.,,,
victory_over_weakness,ch6,الفصل السادس مشجعات الأبوة:,6,s1,محتوى,1,88,p,شعرت السيدات بمسئوليتهن عن هذه السيدة المسكينة، وقلن للخادم المسئول عن الاجتماع: إذهب الآن ويمكنك أن تأتي مساءً حتى نقوم بتنظيف المكان وإصلاح ما يمكن إصلاحه. أعطاهم الخادم بعض المال لسد احتياجات هذه السيدة، وتنظيف مكانها، ثم انصرف.,,,
victory_over_weakness,ch6,الفصل السادس مشجعات الأبوة:,6,s1,محتوى,1,89,p,استأذنت السيدات هذه السيدة المريضة؛ لينظفن لها بيتها، فشكرتهن بشدة. وبدأن في فحص البيت والتنظيف، فلاحظن أن هناك أشياء كثيرة تحتاج لإصلاح، فقلن: لنستعن بأزواجنا. فاتصلت بواحدة بزوجها الذي يعمل سباكاً وطلبت من أن يأتي بسرعة قدر ما يستطيع. واتصلت الثانية بزوجها الكهربائي، والثالثة اتصلت بزوجها النجار، وبدأ الكل يعمل حتى استطاعوا في وقت قليل إصلاح البيت حتى يمكن استخدامه، وغسلت السيدات كل ما هو غير نظيف، وأبدلوا الفراش المتسخ بآخر نظيف، وقاموا بتنظيف السيدة واستحمامها، وأحضروا لها طعاماً، فكانت السيدة تشكرهن شكراً مستمراً، أما السيدات فكن يشكرن الله الذي أعطاهم هذه الفرصة؛ لإظهار محبتهن وأمومتهن لها.,,,
victory_over_weakness,ch6,الفصل السادس مشجعات الأبوة:,6,s1,محتوى,1,90,p,عند المساء عاد الخادم ليسأل عن السيدة والسيدات اللاتي يخدمنها، ففوجئ بتغير منظر البيت تماماً، فشكر السيدات، وشكرته السيدة المريضة، أما هو فقال لها:,,,
victory_over_weakness,ch6,الفصل السادس مشجعات الأبوة:,6,s1,محتوى,1,91,p,ممكن تسمحي لنا نيجي نزورك بعد كده؟قال هو أنا أطول. أخيراً بقى لي عيلة… واظب هؤلاء المحبون زيارة السيدة كل أسبوع؛ لتنظيف بيتها، وتدبير احتياجاتها، فكانت في فرح وشكر جزيل، أما السيدات والخادم فكانوا يشكرون الله على نعمة الخدمة لهذه السيدة، واستمروا في خدمتها حتى تنيحت بسلام بعد ستة أشهر.,,,
victory_over_weakness,ch6,الفصل السادس مشجعات الأبوة:,6,s1,محتوى,1,92,p,الثقة بالنفس: من يشكر الله تزداد ثقته بنفسه، إذ يشعر باهتمام الله به، وبقيمته الغالية عند الله، وبعطايا الله الكثيرة، فيقول في نفسه:,,,
victory_over_weakness,ch6,الفصل السادس مشجعات الأبوة:,6,s1,محتوى,1,93,p,ربنا بنفسه مهتم بيا، وبيديني ده كله، يا بختي بربنا.يطمئن هذا الإنسان الشاكر لله، ويشعر أكثر من ذي قبل بقوة الله المساندة له، بل يشعر أنه متميز عن غيره؛ لأن ضعفه ونقصه يتحول إلى قوة بمساندة الله، فيستطيع أن يفكر باتزان، ويقرر قرارت سليمة ، وينجح في حياته.,,,
victory_over_weakness,ch6,الفصل السادس مشجعات الأبوة:,6,s1,محتوى,1,94,p,وعندما يثق الإنسان في نفسه المعتمدة على الله، يتحرك قلبه بالأبوة والعطاء لمن حوله، إذ يشعر أنه بقوة الله قادر أن يخدم الكثيرين. ومهما كانت ظروفه صعبة، فثقته في نفسه تجعله يعطي كل ما يستطيع، حتى من أعوازه، مثل الأرملة ذات الفلسين، التي مدحها المسيح في عطائها ( ).,,,
victory_over_weakness,ch6,الفصل السادس مشجعات الأبوة:,6,s1,محتوى,1,95,p,من يثق في نفسه، لا ينزعج من المواقف الصعبة والمشاكل، بل يستمر في عطائه ومحبته؛ لأن الثقة في النفس تخرج مشاعر الحب والأبوة الكامنة داخل الإنسان، فيتحمس ويهتم ويشبع كل محتاج.,,,
victory_over_weakness,ch6,الفصل السادس مشجعات الأبوة:,6,s1,محتوى,1,96,p,"وعندما يرى الله اتكال هذا الإنسان عليه، يزيده ثقة في نفسه، مهما كانت التحديات المقاومة له. فيشعر هذا الإنسان أنه قادر على كل شيء بقوة الله، كما قال بولس الرسول: "" أستطيع كل شيء في المسيح الذي يقويني"" ( ). فتكون الثقة في النفس مشجعة للأبوة في كل وقت وكل الظروف، حتى أن الضعيف يقول أنا بطل بقوة الله ( ).",,,
victory_over_weakness,ch6,الفصل السادس مشجعات الأبوة:,6,s1,محتوى,1,97,p,عاش هذا الشاب الصغير مع أخته ووالديه، ثم مات الأب والشاب صغيراً، وعاشت هذه الأسرة مرتبطة بالكنيسة، فعزاهم الله، وتمسكوا به؛ لأجل احتياجهم، خاصة هذا الشاب الصغير، فازدادت ثقته بنفسه، إذ شعر أنه الرجل المسؤول عن الأسرة. وطلب معونة الله بإلحاح، فازدادت ثقته بنفسه، وكان مطيعاً لوالدته، مسرعاً إلى خدمة كل احتياجات البيت.,,,
victory_over_weakness,ch6,الفصل السادس مشجعات الأبوة:,6,s1,محتوى,1,98,p,ازدادت محبة هذا الشاب للكنيسة، وبدأ يخدم فيها، فازدادت ثقته في نفسه وأبوته لمن يخدمهم، بل ظهر اتساع قلبه، وميله لخدمة كل من يقابله، فأحبه الجميع.,,,
victory_over_weakness,ch6,الفصل السادس مشجعات الأبوة:,6,s1,محتوى,1,99,p,في أحد الأيام كان يمشي هذا الشاب في ميدان رمسيس، فوجد شخص خارج من محطة القطار، ويتلفت يميناً ويساراً، فشعر أنه غريب، فأسرع إليه؛ لأنه يهتم بإضافة الغرباء وخدمتهم، كما أوصى المسيح، وعرف الشاب هذا الرجل بنفسه، وقال له:,,,
victory_over_weakness,ch6,الفصل السادس مشجعات الأبوة:,6,s1,محتوى,1,100,p,أنا صموئيل أديب، وحضرتك مين؟أجاب الرجل وقال:,,,
victory_over_weakness,ch6,الفصل السادس مشجعات الأبوة:,6,s1,محتوى,1,101,p,أنا جاي من الصعيد يا ابني وعيان عشان اتعالج في مصر، وبادور على لوكاندة تكون متواضعة عشان أنا على قد حالي عشان أنزل فيها أيام غربتي في مصر لغاية ما أخلص العلاج. قال له صموئيل:وليه اللوكاندة؟ احنا عندنا مكان في بيتنا، إنت تيجي تنزل عندنا وأنا أخدمك بعيني.تعجب الرجل من محبة هذا الشاب وحاول الاعتذار له، لكنه ألح عليه، وأخذه إلى بيته في مصر الجديدة، وأدخله إلى حجرته لينام على سريره، وأخبر والدته وأخته أن عندهم ضيف سيقضي عندهم فترة. واستمر الشاب يخدم هذا الرجل ويذهب به إلى الأطباء؛ حتى عاد إلى الصعيد بعد شهر من إقامته في بيت صموئيل.,,,
victory_over_weakness,ch6,الفصل السادس مشجعات الأبوة:,6,s1,محتوى,1,102,p,علم أيضاً هذا الشاب أن أحد شباب الكنيسة قد ارتكب خطأ، وتم القبض عليه، وألقي في السجن، فذهب إلى أسرته لأنه يعرف هذا الشاب، وعلم منهم أنه أرسل إلى سجن المنصورة.,,,
victory_over_weakness,ch6,الفصل السادس مشجعات الأبوة:,6,s1,محتوى,1,103,p,قرر صموئيل أن يزور هذا الشاب؛ ليسأل عنه ويشجعه ليحتمل فترة السجن ويتمسك بالله. فأخذ معه بعض المأكولات، وسافر إلى المنصورة، وسأل عن مكان السجن، فأرشدوه. ثم حاول الشاب دخول السجن للزيارة، فمنعه العسكري الذي يقف على الباب؛ لأنه ليس لديه تصريح، وعندما قابل المأمور أكد له أنه لا يمكن زيارة أحد السجناء إلا بتصريح. فحزن الشاب وانصرف.,,,
victory_over_weakness,ch6,الفصل السادس مشجعات الأبوة:,6,s1,محتوى,1,104,p,سار بجوار سور السجن وهو يصلي، ويقول لله:,,,
victory_over_weakness,ch6,الفصل السادس مشجعات الأبوة:,6,s1,محتوى,1,105,p,أنا جيت يارب من مصر وماعييش تصريح أعمل إيه؟ وعاوز أشوف هذا السجين، عاوز أسأل عنه وأقوله كلمتين عنك يا رب. وبعد مدة من سيره أتته فكرة أن ينادي على السجين، أن ينادي على السجين لعله يكون موجوداً بجوار السور. وتمم هذه الفكرة، ونادى على السجين، وتعجب عندما رد عليه، وقال له:,,,
victory_over_weakness,ch6,الفصل السادس مشجعات الأبوة:,6,s1,محتوى,1,106,p,أنا صوئيل أديب، جبت أزورك بس ماعييش تصريح، إزيك طمنى عليك.ثم قال له صموئيل كلمات مشجعة، وأن الله سيكون معه، وتمر أيام السجن بسلام، ويخرج حراً، ويعود إلى حياته وبيته وكنيسته، ثم قال له:,,,
victory_over_weakness,ch6,الفصل السادس مشجعات الأبوة:,6,s1,محتوى,1,107,p,أنا جبت لك معايا لقمة صغيرة هارميهالك.فشكره السجين وانصرف بسلام شاكراً الله الذي جعل هذا السجين يمر في هذا الوقت بجوار السور، وفي هذا المكان الذي يقف فيه، وعاد إلى القاهرة يشكر الله، وقلبه مملوء بالفرح؛ لأنه قد تمم خدمته، واستمر يخدم ، وكان مرشحاً للكهنوت، ولكن اختاره الله وهو شاب؛ ليكمل حياته في السماء.,,,
victory_over_weakness,ch7,الفصل السابع معطلات الأبوة,7,s1,محتوى,1,1,h2,الفصل السابع معطلات الأبوة,,,
victory_over_weakness,ch7,الفصل السابع معطلات الأبوة,7,s1,محتوى,1,2,p,إن كانت الأبوة عظيمة جداً، ويحتاجها كل الآباء والخدام، والله أبو الجميع يشجعها، ويتمنى أن نتحلى بها. ولكن الشيطان من ناحية أخرى يغتاظ منها؛ لأنها تعلن محبة الله للبشر؛ لذا فهو يقاومها، ويحاول تعطيلها بكل صورة، ولا يستطيع لأن الله يسند أولاده فيتغلبون على هذه المعطلات إن تمسكوا به. فما هي أهم معطلات الأبوة التي يضعها الشيطان في طريقنا؟,,,
victory_over_weakness,ch7,الفصل السابع معطلات الأبوة,7,s1,محتوى,1,3,p,الأنانية: الذي يفكر في نفسه لا يهتم بمن حوله، مهما تألموا أو تعبوا؛ لأنه مشغول باحتياجاته فوق كل شيء، حتى لو كانت صغيرة، فهي أهم من احتياجات الآخرين حتى لو كانت احتياجاتهم كبيرة.,,,
victory_over_weakness,ch7,الفصل السابع معطلات الأبوة,7,s1,محتوى,1,4,p,الإنسان الأناني في قلق، ويحمل هموماً كثيرة؛ لأنه لا يفكر في الله، بل يفكر في احتياجاته، ويتشكك في قدرته أن يدبرها، فيكون مضطرباً على الدوام، اضطرابه هذا يخرج في كلمات صعبة تجرح الآخرين، دون أن يخطئوا في حقه، فهو مصدر انزعاج لمن حوله، حتى أنهم يهربون منه، ولا يستريحون في الكلام معه.,,,
victory_over_weakness,ch7,الفصل السابع معطلات الأبوة,7,s1,محتوى,1,5,p,الأناني يريد أن يأخذ ولا يعطي، وهو يشعر أنه مظلوم إذا لم يأخذ ما يريده، مع أنه على العكس يظلم من حوله، ويأخذ حقوقهم، ويظل يشعر بالظلم، فهو تعيس، وبعيد عن السعادة.,,,
victory_over_weakness,ch7,الفصل السابع معطلات الأبوة,7,s1,محتوى,1,6,p,الأناني يميل أن يأخذ ما يريده حتى من أقرب الناس إليه، فيسرق حقوقهم، ويسيء إليهم، وإذا لم يأخذ يكره من حوله. وحتى والديه المحبين له، يظل يستغلهم ليضايقهم بكل وسيلة.,,,
victory_over_weakness,ch7,الفصل السابع معطلات الأبوة,7,s1,محتوى,1,7,p,من الصعب على الأناني أن يعطي العشور والبكور؛ لأنه لا يحب الله، بل يحب نفسه فقط، ويحتقر المحتاجين، ويصفهم دائماً بالكسل، ولا يساعدهم مهما كان عنده من خيرات، فيفقد كل مشاعر الأبوة، والله غاضب من تصرفاته، بالإضافة إلى كل الناس الذين يتضايقون منه.,,,
victory_over_weakness,ch7,الفصل السابع معطلات الأبوة,7,s1,محتوى,1,8,p,إحذر يا أخي من مشاعر الأنانية، والتي قد تهاجمك عندما تكون في ضيقة، فتفقدك حبك وعطاءك للناس، ولكن التجئ لله واتكل عليه، فتثبت في أبوتك، ولا يعريك الشيطان منها، فتظهر الأنانية الشريرة التي يدسها الشيطان إلى فكرك ومشاعرك.,,,
victory_over_weakness,ch7,الفصل السابع معطلات الأبوة,7,s1,محتوى,1,9,p,كان هذا الرجل يعيش مع والديه، اللذان يعملان بوابين لإحدى العمارات. وكان لهذا الرجل ابنة وابن يعيشان معه ومع والديه. وكان يعمل في بناء العمارات، ولم يكن له علاقة بالكنيسة مثل والديه اللذان ارتبطا ارتباطاَ قوياً بالكنيسة وأسرارها المقدسة.,,,
victory_over_weakness,ch7,الفصل السابع معطلات الأبوة,7,s1,محتوى,1,10,p,تربي الأحفاد، أي البنت والولد في رعاية الجد والجدة اللذان يخافا الله ويحبا الكنيسة، فتعلما في المدارس ولكن ارتبطا ارتباطاً قوياً بالكنيسة ومدارس الأحد، وكانت قدوتهما الجد والجدة.,,,
victory_over_weakness,ch7,الفصل السابع معطلات الأبوة,7,s1,محتوى,1,11,p,كان الأب العامل في المعمار أنانياً جداً، يفكر في تفسه، ولا يهتم فيمن حوله، فكان بعد انتهاء عمله يعود إلى بيته ومعه دجاجة مشوية يجلس يأكلها كلها وحده ولا يعطي شيئاً لابنه وابنته ولا لوالديه.,,,
victory_over_weakness,ch7,الفصل السابع معطلات الأبوة,7,s1,محتوى,1,12,p,انغمس هذا الرجل في أنانيته وشهواته، فكان همه الأول إشباع شهواته الخاصة على حساب أي إنسان، فقد سرق القطعة الذهبية الوحيدة التي لإبنته التي اقتنتها من عمل كانت تعمله بجوار دراستها، وباعها لينفقها في شهواته من أكل وشرب الخمر.,,,
victory_over_weakness,ch7,الفصل السابع معطلات الأبوة,7,s1,محتوى,1,13,p,ازدادت أنانيته حتى أنه لم يكتف بالنظر إلى النساء أو الخطأ معهن، ولكنه اشتهى ابنته وحاول الاعتداء عليها مرات كثيرة وكانت تهرب منه.,,,
victory_over_weakness,ch7,الفصل السابع معطلات الأبوة,7,s1,محتوى,1,14,p,اعتمد هذا الرجل على الكذب في عمله ليحصل على أكبر مقدار من المال لينفقه في شهواته، وفي أحد الأيام قبض عليه البوليس لاتهامه بالنصب، وبعد أن ثبتت التهمة عليه، ألقي في السجن، فكانت فرصة له أن يراجع نفسه بعد أن فقد القدرة على إشباع شهواته وأنانيته.,,,
victory_over_weakness,ch7,الفصل السابع معطلات الأبوة,7,s1,محتوى,1,15,p,أما أسرته، فحزنت عليه وصلت لأجله، وازدادت علاقتهم بالكنيسة؛ الجد والجدة وأيضاً الحفيدين اللذين أحبا الكنيسة وأشبعتهم أمومة وأبوة الخدام، إلى جانب حنان الجد والجدة، وأكملا دراستهما وتخرجت البنت من إحدى الكليات وعملت عملاً مناسباً ساعدها في تدبير احتياجاتها ومساعدة من حولها، فعاشت حياة روحية مثل جدها وجدتها، وتمتعت بالحب والعطاء واختبرت يد الله المساندة لها.,,,
victory_over_weakness,ch7,الفصل السابع معطلات الأبوة,7,s1,محتوى,1,16,p,الحرمان من الأبوة: الأبوة حب يتدفق من الأب لأولاده، فيتمتعون بمشاعر البنوة وتتولد فيهم مشاعر الأبوة والأمومة لمن حولهم. وهكذا نجد أن الأبوة تيار يسري من الأب للأبناء ومن الأبناء إلى الأحفاد ويتمتع الجميع ببركة الأبوة.,,,
victory_over_weakness,ch7,الفصل السابع معطلات الأبوة,7,s1,محتوى,1,17,p,ولكن يحرم البعض من مشاعر الأبوة ليس لفقدان أحد الوالدين ولكن الأصعب أن يكون الأب والأم يعانون من جفاف المشاعر، وينشغلون بالعالم واهتماماته، فيهتمون بتربية أبنائهم جسدياً ودراسياً، ولكن لا يعطونهم مشاعر أبوة، فيشعر الأبناء بالحرمان من الأبوة، ويتولد فيهم هم أيضاً جفاف المشاعر فيتحركون كآلات على الأرض يقودهم العقل في إنجاز الأعمال المطلوبة، ولا يستطيعون أن يعطوا مشاعر أبوة أو أمومة لأحد.,,,
victory_over_weakness,ch7,الفصل السابع معطلات الأبوة,7,s1,محتوى,1,18,p,قد يكون السبب في عدم إعطاء مشاعر الأبوة أو الأمومة عند الوالدين، أن يريدون تربية أبنائهم ليصبحوا أقوياء، فيعاني الأبناء من هذا الحرمان، وقد يسقطون في الأنانية، أو يبحثون عن الحب في الشارع، فيجدوه في الجنس الآخر، وتبدأ علاقة عاطفية تنقلب إلى علاقة جنسية، فتزداد الأنانية داخلهم وكل واحد يبحث عن إشباع نفسه، ولا يستطيع أن يعطي حباً لأحد، مهما تحلى بكلمات طيبة يخدع بها الآخرين، ولكنه ينكشف بسهولة في المواقف الصعبة، عندما يهرب ويتخلى عن المحتاجين حوله.,,,
victory_over_weakness,ch7,الفصل السابع معطلات الأبوة,7,s1,محتوى,1,19,p,بالطبع هناك حلولاً كثيرة لهذه الحالة، أهمها الالتجاء إلى الله والكنيسة، فيجد الإنسان إشباعاً أبوياً من خلال أب الاعتراف والخدام والخادمات، ومن الجو الروحي كله، وأسرار الكنيسة، فيكون الإنسان صداقات روحية متزنة، ويتعلم الخدمة والعطاء، فيمارس الأبوة التي تشبعه وتشبع الآخرين.,,,
victory_over_weakness,ch7,الفصل السابع معطلات الأبوة,7,s1,محتوى,1,20,p,ومن أسباب الحرمان من الأبوة، المشاكل التي تحدث بين الزوجين، ويراها الأبناء فيضطربوا، وقد يفضل أحد الزوجين الانفصال عن الطرف الآخر، ظناً منه أن في هذا راحة له ولأولاده، فيعاني الجميع من متاعب كثيرة في معظم الأحيان. والطرف الذي يحتفظ بالأبناء يحارب بالقلق والتوتر وحروب أخرى كثيرة تمنع وصول الأبوة أو الأمومة للأبناء. أما الطرف الذي يعيش وحده، فيعاني من جفاف أكثر، وأنانية لابتعاده عن الطرف الثاني والأبناء.,,,
victory_over_weakness,ch7,الفصل السابع معطلات الأبوة,7,s1,محتوى,1,21,p,إن مشاكل الحياة ومشاغلها تجفف أيضاً المشاعر وتخلق بدلاً منها اضطراب وتوتر وغضب، فتحرم الشخص من الشاعر الطيبة، وتحرم الأبناء من مشاعر الأبوة. لذا ينبغي أن يراجع الإنسان نفسه مرة ومرات كثيرة قبل أن يفكر في الانفصال.,,,
victory_over_weakness,ch7,الفصل السابع معطلات الأبوة,7,s1,محتوى,1,22,p,ولد هذا الطفل في إحدى قرى أسيوط، وماتت أمه بعد ولادته مباشرة، فحرم من أمومتها. ولكن اهتمت أمهات القرية بإرضاعه. وكبر الطفل والتحق بالمدرسة، وكان ذكياً ومتفوقاً في الدراسة. وتنقل مع أخيه الأكبر في محافظات كثيرة في مصر بسبب عمل الأخ الكبير.,,,
victory_over_weakness,ch7,الفصل السابع معطلات الأبوة,7,s1,محتوى,1,23,p,ارتبط بالكنيسة وأحب الله، فشبع من أبوة الله والكنيسة. ثم انضم إلى مدارس الأحد، وبعد هذا خدم بها، فازداد شبعه للأبوة في تلمذته وعطائه.,,,
victory_over_weakness,ch7,الفصل السابع معطلات الأبوة,7,s1,محتوى,1,24,p,استمرت خدمة هذا الشاب، وتخرج من الجامعة بالقاهرة، والتحق بالاكليريكية، فازدادت خدمته، ونمت مشاعر الأبوة داخله. وانتشرت خدمته في أماكن كثيرة، ولكن تعلقه بالله ازداد في داخله، حتى أنه في النهاية ترك العالم وترهب. وفي حياة الوحدة تمتع بأبوة الله على أعلى مستوى. ثم اختارته العناية الإلهية ليخدم في العالم تحت يد البابا كيرلس السادس وأبوته، ثم أنعم عليه الله أن يكون أباً لكل الأقباط في مصر؛ ليعطيهم من أبوته بكل الأشكال، فأشبع الكثيرين لمدة عشرات السنين، ومازال الكثيرون يتشفعون به ويتتلمذون على عظاته، وهو البابا شنودة الثالث.,,,
victory_over_weakness,ch7,الفصل السابع معطلات الأبوة,7,s1,محتوى,1,25,p,الشهوات: أبوة الله قوة لا تقاوم لمن يرتبط به، فيتمتع بأحضانه، ويشبع به على الدوام، ولكن الشيطان يحاول إبعاد الناس عن هذه الأبوة بإغراءات شهوات العالم الكثيرة. وعندما ينشغلون بها، يبتعدون عن الله، ويفقدون مشاعر الأبوة، التي ينالونها من الله، ولا يستطيعون أن يعطوا أبوة لأحد؛ لأن مشاعرهم قد دفنوها في بحر لذات الشهوات.,,,
victory_over_weakness,ch7,الفصل السابع معطلات الأبوة,7,s1,محتوى,1,26,p,إن كانت الشهوة مغرية، فالشيطان يعرضها في كل يوم بأشكال متنوعة؛ ليلهي الإنسان بها، ويظل منغمساً فيها، ويفقد عقله، وتتدنس مشاعره وجسده، فيصير أقل من الحيوان؛ لأن الحيوان يشبع غرائزه بمقدار، أما الإنسان الشهواني، فينغمس بلا ضابط في شهوات العالم حتى يفني حياته، ويتنافر تماماً مع مشاعر الأبوة والعطاء؛ لأنه بانغماسه في الشهوات، ينغمس في الأناينة.,,,
victory_over_weakness,ch7,الفصل السابع معطلات الأبوة,7,s1,محتوى,1,27,p,الشهوات لا تشغل من يسير وراءها فقط، بل تذله وتسحبه وراءها، مثل الكلب، فينحرف من شهوة إلى أخرى، ويسقط في خطايا كثيرة، ويبتعد عن الله والتوبة، فيزداد ذله وتعاسته.,,,
victory_over_weakness,ch7,الفصل السابع معطلات الأبوة,7,s1,محتوى,1,28,p,وإن حاول الإنسان أن يرتبط بالكنيسة، لا ييأس منه الشيطان، بل يظل يحاربه، ويجعله في علاقة سطحية مع الله، حتى لو كان موظباً على الكنيسة، وإن كان موهوباً في الكلام، يسقطه في الكبرياء، فيوهم نفسه ومن حوله بالمعرفة الروحية النظرية، والتي لا يحياها عملياً في حياته. وهنا يتدخل الشيطان ليجذبه للشهوات تدريجياً، ولا يستطيع أن يقاومه؛ لأنه ليس في حماية الله، فهو يعرف كثيراً عن الله، ولكن لا يحب الله، فيسقط في الكبرياء، وهنا يتسلط عليه الشيطان، ويذله بشهوات العالم، فيكون له مظهر التقوى، ولكنه بعيد عن التمتع بالله وأبوته. وبالطبع لا يرى الناس فيه إلا كلاماً سطحياً خادعاً، ولكنه لا يستطيع أن يعطيهم أي مشاعر أبوية.,,,
victory_over_weakness,ch7,الفصل السابع معطلات الأبوة,7,s1,محتوى,1,29,p,هذه الشهوات متعددة، تتقدمها شهوة الجسد، بالإضافة لشهوة المال والكبرياء ومحبة الاقتناء، وكل الشهوات الردية التي ترتبط بعضها ببعض في سلسلة، فمن يسقط في واحدة يسهل على الشيطان أن يسقطه في غيرها، حتى يقيده الشيطان في شهوات كثيرة، فينفصل عن الله وعن الأبوة، فيكون مضطرباً على الدوام ولا يستطيع أن يريح أحداً؛ لأنه بلا أبوة.,,,
victory_over_weakness,ch7,الفصل السابع معطلات الأبوة,7,s1,محتوى,1,30,p,تربت هذه الفتاة في بيت مسيحي يحب الكنيسة، ولكنه بيت فقير. فارتبطت بالكنيسة ارتباطاً شديداً، وأحبت مدارس الأحد والجو الروحي، وتمتعت بأسرار الكنيسة؛ الاعتراف والتناول، وتتلمذت في مدارس الأحد سنوات طويلة.,,,
victory_over_weakness,ch7,الفصل السابع معطلات الأبوة,7,s1,محتوى,1,31,p,أكملت دراستها، وارتبطت بعمل، لكنها لازالت تعيش في بيتها البسيط؛ لأنها ابنة بواب.,,,
victory_over_weakness,ch7,الفصل السابع معطلات الأبوة,7,s1,محتوى,1,32,p,تقدم لخطبتها خادم في كنيسة غير أرثوذوكسية، إذ أعجب بجمالها ونشاطها وحيويتها، ففرحت به لأنه أغنى منها، ورضي أن يرتبط بها رغم فقرها. ولكنها ظلت متمسكة بالكنيسة وأسرارها، ولا تريد أن تتركها؛ لأنها تشعر أن حياتها فيها.,,,
victory_over_weakness,ch7,الفصل السابع معطلات الأبوة,7,s1,محتوى,1,33,p,تمت خطبتها لهذا الشاب الذي أظهر لها مشاعر إعجاب وحب كثير، مما أثر في قلبها. وكان يكلمها ويقابلها كثيراً، أي شبه يومياً، فانشغلت به، ولكنها ظلت في علاقتها بالكنيسة وفي التزامها بالعمل. وكانت تصلى حتى يتصرف الله، فهي لا تريد أن تترك الكنيسة طوال حياتها، ولكنها تريد أن تتزوج.,,,
victory_over_weakness,ch7,الفصل السابع معطلات الأبوة,7,s1,محتوى,1,34,p,وسط إعجابها بخطيبها الذي كان يكلمها كثيراً عن الله، ويظهر حباً كبيراً لها، شعرت براحة ولكنها غير كاملة ولا تدري لماذا؟ هل قلقها أن تترك الكنيسة وأسرارها؟ أم لشيء آخر، فازدادت صلواتها.,,,
victory_over_weakness,ch7,الفصل السابع معطلات الأبوة,7,s1,محتوى,1,35,p,مرت بضعة أيام، ولم يتصل بها خطيبها، أو يأتي لزيارتها، أو يخرج معها، وحاولت الاتصال به، فلم يرد عليها. انشغلت الفتاة على خطيبها، لدرجة أنها قررت أن تذهب لبيته للإطمئنان عليه. وصلت إلى شقته وطرقت الباب، ولم يفتح لها أحد. استمرت مدة تنتظر، ثم بدأت تنزل السلم لتنصرف، ففوجئت بباب الشقة يفتح، فوجدت خطيبها وشكله غريب، فسألته عن سبب عدم اتصاله، فأجاب إجابات بلا معنى، ولم يرحب بها، فانصرفت وهي متضايقة.,,,
victory_over_weakness,ch7,الفصل السابع معطلات الأبوة,7,s1,محتوى,1,36,p,اتصلت بصديقتها، وحكت لها ماحدث، فهدأتها، ولكنها شكت في هذا الخطيب، وأسرعت إلى منزله، وانتظرت في الشارع، فوجدت بعد قليل شابة تعرفها تنزل من عنده، ففهمت أنه كان في علاقة معها، فانصرفت حزينة، ولم تستطع أن تخبر صديقتها، لأن ميعاد زواجها كان قد اقترب، وخافت أن توقف الزيجة. بعد هذا اتصل الخطيب بخطيبته، وعاد يظهر لها حبه، وكأن لم يحدث شيء. ثم انتهز فرصة بأنها وحدها في بيتها، فأسرع إليها، ورحبت به، ولكنها فوجئت به يهجم عليها؛ ليقيم علاقة جسدية معها، فصرخت، وأبعدته عنها بشدة، فاضطر أن ينصرف. وقررت ألا تكمل الزواج، وأخبرت صديقتها بهذا الهجوم الذي حدث معها، فأخبرتها الصديقة أيضاً بما رأته، أي الشابة النازلة من بيته، فازداد إصرارها على فسخ الخطوبة.,,,
victory_over_weakness,ch7,الفصل السابع معطلات الأبوة,7,s1,محتوى,1,37,p,أخبرت بكل حزم خطيبها أن الموضوع قد انتهى. حاول مصالحتها في البداية، ولكن أمام إصرارها طلب منها الشبكة الذهبية التي كان قد قدمها لها، فقالت له تعالى لتأخذها، وقالت في نفسها أنا لا أريد شيئاً من هذا الإنسان الشرير الشهواني، وشكرت الله الذي كشف خداعه بأنه خادم ويعرف كلاماً كثيراً عن الله، ولكنه منغمس في الشهوات. وحضر الخطيب ليأخذ شبكته في وجود أهلها، ثم ألقت الشبكة على الأرض عند قدميها احتقاراً له، فنزل إلى الأرض ليأخذ شبكته وينصرف ويبعد بشهواته عن هذه الشابة التي عادت إلى أحضان الكنيسة واطمأنت أنه لن يبعدها أحد عن كنيستها وعن أسرارها المقدسة.,,,
victory_over_weakness,ch7,الفصل السابع معطلات الأبوة,7,s1,محتوى,1,38,p,التدليل: يشعر بعض الآباء والأمهات بمحبتهم الشديدة لأبنائهم، فيحاولون أن يقدموا لهم كل طلباتهم، حتى لو كانت بلا داعي، ولكنهم يريدون إرضاء أولادهم، فيسقطون في تدليل أبنائهم. وعندما يطلبون من أولادهم الذهاب إلى القداس أو مدارس الأحد ويرفض الأولاد، لا يضغطون عليهم، ويتركونهم بحريتهم، فيبتعدون تدريجياً عن أبوة الله والكنيسة.,,,
victory_over_weakness,ch7,الفصل السابع معطلات الأبوة,7,s1,محتوى,1,39,p,عندما يخطئ هؤلاء الأبناء المدللون، ينصحهم الآباء بعدم الرجوع إلى الخطأ، وأحيانا لا ينصحوهم حتى لا يضايقونهم، فيتعود الأبناء على الخطايا، ولا يعاقبهم والديهم، أو يمنعونهم عن أي شيء محبوب لهم لئلا يتضايقون، فتزداد خطايا هؤلاء الأبناء.,,,
victory_over_weakness,ch7,الفصل السابع معطلات الأبوة,7,s1,محتوى,1,40,p,كلما كبر الأبناء تقل طاعتهم لوالديهم، فيضايق الوالدين ويحاولون إصلاحهم بلا فائدة ثم يزداد تمردهم، وانحرافهم، وابتعادهم عن الله والكنيسة. وهنا يصرخ الوالدان طلباً لمعونة الكنيسة، ولكن الأبناء المدللون يرفضون مقابلة أحد أو الذهاب للكنيسة؛ لأنهم عاشوا سنوات كثيرة في تدليل، وأصبح من الصعب عليهم أن يطيعوا أحداً حتى الله نفسه.,,,
victory_over_weakness,ch7,الفصل السابع معطلات الأبوة,7,s1,محتوى,1,41,p,قد يتمادى الأبناء في انحرافاتهم، فيدمنون شرب الخمر، أو المخدرات، ويمكن أن ينحرفوا في خطايا متنوعة تسبب لهم أحياناً في حق الآخرين، أو تعرضهم لمعاقبة القانون؛ هذا هو نتيجة التدليل وإشباع رغبات الأبناء بلا حدود.,,,
victory_over_weakness,ch7,الفصل السابع معطلات الأبوة,7,s1,محتوى,1,42,p,هناك فرق كبير بين إظهار الحنان والحب للأبناء وبين تدليلهم، فالحب ينبغي أن يقترن بالانضباط ووضع الحدود؛ للابتعاد عن الأخطاء منذ الطفولة المبكرة، وبالتالي تكوين فضيلة الطاعة عند الأبناء وأيضاً العطاء ومحبة الآخرين وخدمتهم.,,,
victory_over_weakness,ch7,الفصل السابع معطلات الأبوة,7,s1,محتوى,1,43,p,عاش هذا الشاب في القاهرة وارتبط بالكنيسة وأسرارها، بل صار شماساً يخدم بها ويحفظ ألحانها، ويحب القداس ويتمتع بسر الاعتراف.,,,
victory_over_weakness,ch7,الفصل السابع معطلات الأبوة,7,s1,محتوى,1,44,p,انتقل للإسكندرية في سن 18 عاماً ليلتحق بكلية الهندسة بها، وعاش فيها سنوات الدراسة، ثم عمل بوظيفة في الإسكندرية. وكان يعيش وحده في شقة استأجرتها أسرته منذ سنوات كثيرة.,,,
victory_over_weakness,ch7,الفصل السابع معطلات الأبوة,7,s1,محتوى,1,45,p,في مدة إقامته بالإسكندرية، اهتمت أسرته الغنية بالصرف عليه، وارتبط بمجموعة بالكلية يعيشون في حرية بعيداً عن الكنيسة، فهذا الارتباط أبعده تدريجياً عن الكنيسة، وبدأ يسقط في شهوات متنوعة.,,,
victory_over_weakness,ch7,الفصل السابع معطلات الأبوة,7,s1,محتوى,1,46,p,انقطعت علاقة هذا الشاب بالكنيسة، وزاد انغماسه في الشهوات، خاصة بعد أن أنهى دراسته وبدأ في العمل، وساعده على ذلك تدليل أسرته والصرف عليه كما يريد، فتقدم إلى شهوات متنوعة مثل الزنا وشرب الخمر وكل الشهوات الردية. وكانت شقته مكان لالتقاء الأصدقاء الأشرار وممارسة الزنا وكل شر مرتبط به.,,,
victory_over_weakness,ch7,الفصل السابع معطلات الأبوة,7,s1,محتوى,1,47,p,في أحد الأيام خرج إلى البلكونة التي لا يدخلها إلا نادراً ووجد صندوق في الجانب بجوار الحائط، فذهب إليه ليرى ما بداخله، فوجد كتاباً مقدساً قد تقطعت جلدته، ومغطى بالتراب، فأخرجه ونظفه قليلاً، وشعر أنه لا يستطيع أن يتركه مهملاً في هذا الصندوق. فأخذه إلى داخل شقته، وكان وحده في الشقة، فأزال التراب الذي على الكتاب المقدس، وتذكر أيام صغره عندما كان يقرأ الكتاب المقدس، وأخذ يفكر هل يقرأ الكتاب المقدس أم لا؟ لأنه شعر أنه قد ابتعد عنه سنيناً طويلة، بل أنه انغمس في الشهوات بلا حدود، وظل الصراع في داخله أن يقرأ أو لا يقرأ؟ ولكنه انتهي بأنه فتح الكتاب المقدس دون أن يحدد مكان أو سفر ليقرأ فيه، فوجد سفر إشعياء وقرأ فيه قليلاً فوجد النبي يوبخ الذين يبتعدون عن الله وينغمسون في الشهوات وما هي المتاعب والمصائب التي يمكن أن تحل بهم؟ فتبكت قلبه وبدأ يشعر أنه قد نجس نفسه تماماً ولكن هل يمكن أن يقبله الله بعد كل ما فعله؟ ظل هذا السؤال يتردد داخله بلا إجابة، ولكن صعدت في النهاية فكرة إلى ذهنه، إذ طلب من الله دليلاً على قبوله أن يأتي لزيارته كاهن. وكان يشعر أن هذا شيء مستحيل؛ لأنه لا يذهب للكنيسة ولا يعرفه أحد. وأخذ يصلي لأول مرة منذ سنوات، ويطلب من الله أن يظهر نفسه ويبين إن كان يريده أم لا؟ مرت الساعات ثقيله وهو ينام من التعب أحياناً ثم يستيقظ ويفكر في إمكانية زيارة كاهن له، وإمكانية قبوله، ثم يصمت وينام، ثم يقوم.,,,
victory_over_weakness,ch7,الفصل السابع معطلات الأبوة,7,s1,محتوى,1,48,p,كان حزيناً ولكن كان هناك نور صغير ورجاء أن ينظر إليه الله ويقبله. وفيما هو صامت وقد أطفأ أنوار البيت سمع طرقات على الباب، فتعجب جداً لأنه لا يأتي إليه أحد وأصدقاؤه منشغلون في هذا الوقت، ولكنه قام ليفتح لعله يكون أحد أصدقائه. وكانت المفاجأة إذ وجد كاهناً يقف أمامه، فتسمر في مكانه ولم يستطع أن ينطق بكلمة واحدة.,,,
victory_over_weakness,ch7,الفصل السابع معطلات الأبوة,7,s1,محتوى,1,49,p,نظر الكاهن ووجد على الحائط صورة للمسيح، فعلم أنه بيت مسيحي. فطلب من الشاب واستأذنه أن يدخل، فسمح له، فدخل أبونا لوقا سيداروس، فسأله الشاب:,,,
victory_over_weakness,ch7,الفصل السابع معطلات الأبوة,7,s1,محتوى,1,50,p,لماذا أتيت إلى هنا وكيف أتيت؟ أجاب أبونا لوقا وعرفه بنفسه وقال له: أنا أتيت لزيارة ومعي عنوان ولكني فوجئت بأنك تفتح لي الباب، هذا هو العنوان. نظر الشاب للعنوان وقال له:,,,
victory_over_weakness,ch7,الفصل السابع معطلات الأبوة,7,s1,محتوى,1,51,p,هذا هو الشارع الذي بجوار شارعنا. أجاب أبونا وقال:,,,
victory_over_weakness,ch7,الفصل السابع معطلات الأبوة,7,s1,محتوى,1,52,p,لابد أن الله أراد أن يرسلني إلى هنا، إذ سمح بهذا الخطأ منى، فالله يريدني أن آتي إلى هذا المكان. وهنا فتح المهندس فمه وحكى لأبونا كل قصته، وكيف أنه كان يعيش حياة مستقيمة بالقاهرة، ولكنه ظن أن هذه هي الحرية عندما عاش وحده في الإسكندرية، وانطلق في شهوات متنوعة، وساعده على ذلك تدليل والداه له، إذ إعطياه كل ما يحتاجه من أموال واستجابا لكل رغباته أثناء فترة الدراسة، فابتعد عن الكنيسة تماماً ووصل إلى قاع الشهوات، بل كاد يضيع لولا أن الرب ساعده، فأنهي دراسته، ووجد عملاَ، ولكنه لم يتوقف عن شهواته حتى بعدما تفرق عنه أصدقاؤه لانشغالهم في أعمالهم، وانتقلوا إلى بلاد أخرى، ثم كيف وجد الكتاب المقدس وقراءته في سفر إشعياء الذي نخس قلبه، وطلب علامة غريبة جداَ وهو أن يأتي إليه كاهن وهذا شبه مستحيل. ثم كانت المفاجأة بمجيئك إلي.,,,
victory_over_weakness,ch7,الفصل السابع معطلات الأبوة,7,s1,محتوى,1,53,p,فتح أبونا لوقا فمه، وبدأ يدعوه إلى التوبة وتكلم كثيراً عن حنان الله، وعن الطهارة وسعادة الذين يعيشون مع الله. وانتهت الجلسية بالتوبة والاعتراف على يد أبونا. رجع إلى الكنيسة وتناول من الأسرار المقدسة، ثم بدأ حياة جادة في جهاد روجي وتداريب محددة؛ ليتخلص تدريجياً من آثار التدليل التي عاش فيها سنوات. عاد الخروف الضال إلى حضن أبيه ليتمتع بأبوته ويدوس كل آثار التدليل.,,,
victory_over_weakness,ch7,الفصل السابع معطلات الأبوة,7,s1,محتوى,1,54,p,العنف:يسمع بعض الآباء عن مشاكل الحياة وأحداثها المحيطة بهم، فيخافوا على أولادهم، ومن شدة خوفهم يضغطون على أولادهم بأوامر كثيرة، وإذا أخطأوا يعاقبونهم بعنف، مع أنهم يحبونهم جداً، ولكن خوفهم يكون قوياً.,,,
victory_over_weakness,ch7,الفصل السابع معطلات الأبوة,7,s1,محتوى,1,55,p,يشعر كثير من الأزواج والزوجات، عندما يرزقهم الله أول طفل أنهم لابد أن يربونه تربية دقيقة، فيراقبونه بتدقيق، ويأمرونه أوامراً كثيرة، فيكبر الطفل وهو خائف، وقد يكون متردد أيضاً؛ لأنهم ينفذون فيه كل الالتزامات المطلوبة، ولا يعطونه فرصة للتعبير عن رأيه، فيكونوا في ابنهم شخصية ضعيفة؛ لأجل عنفهم معه.,,,
victory_over_weakness,ch7,الفصل السابع معطلات الأبوة,7,s1,محتوى,1,56,p,قد يشعر أحد الأبناء أنه مهمل، أو يعاقب بشدة؛ لأنه أخطأ، فيشعر أنه مرفوض من والديه. وهذا يجعله مضطرباً، مندفعاً، فتزداد أخطاءه، سواء بالكلام، أو التصرفات، فيزداد عقاب والديه له، بل يقارنوه بإخوته أنهم مطيعون، أما هو فمشاغب، ويعاملونه بعنف؛ لأنه مزعج، فيزداد انزعاجه.,,,
victory_over_weakness,ch7,الفصل السابع معطلات الأبوة,7,s1,محتوى,1,57,p,قد تفقد الزوجة زوجها، فتعامل أولادها بعنف؛ لأنها تخاف عليهم، وتخشى أن ينحرفوا، فتكون في غضب متواصل، وصياح لأتفه الأخطاء، ورغم محبة الأولاد لها، لكنهم يصبحون غير قادرين على احتمالها.,,,
victory_over_weakness,ch7,الفصل السابع معطلات الأبوة,7,s1,محتوى,1,58,p,العنف يغطي صورة الأبوة الحنونة، ويظهر الآباء بشكل صعب، ويضايق الأبناء ويجعلهم في توتر دائم، وعندما يكبرون، يودون التخلص من البيت في أقرب وقت، وقد يؤدي هذا إلى زيجات غير مناسبة يعانون منها طوال حياتهم؛ إذ أنهم هربوا من عنف البيت، فدخلوا في زيجات غير مريحة، فازداد اضطرابهم، وقد ينفصلون بعد فترة.,,,
victory_over_weakness,ch7,الفصل السابع معطلات الأبوة,7,s1,محتوى,1,59,p,العنف في التربية يكون أبناء عنفاء، يتضايقون من أنفسهم، لكنهم لا يستطيعون تغيير طباعهم؛ لأنهم تربوا في جو عنيف، حرمهم من حنان الأبوة، وجعلهم قساة القلوب.,,,
victory_over_weakness,ch7,الفصل السابع معطلات الأبوة,7,s1,محتوى,1,60,p,ذهب هذا الشاب الأمريكي للحرب، وظل والداه يتابعان أخبار الحرب، مشتاقان لعودة ابنهما. ولم يكن الوالدان مرتبطان بالكنيسة، فكانا مضطربين ومتعلقين بابنهما، ولكن لابد لهما أن ينتظرا.,,,
victory_over_weakness,ch7,الفصل السابع معطلات الأبوة,7,s1,محتوى,1,61,p,في أحد الأيام دق التليفون، وسمع الوالدان صوت ابنهما، ففرحا جداً، وقالا له: أين أنت؟ فقال:,,,
victory_over_weakness,ch7,الفصل السابع معطلات الأبوة,7,s1,محتوى,1,62,p,أنا راجع من الحرب. ومشتاق أشوفكم. أجاب الوالدان:,,,
victory_over_weakness,ch7,الفصل السابع معطلات الأبوة,7,s1,محتوى,1,63,p,واحنا كمان مشتاقين لك جداً. يللا تعالى بسرعة عشان انت وحشتنا جداً.فقال لهما ابنهما الشاب:,,,
victory_over_weakness,ch7,الفصل السابع معطلات الأبوة,7,s1,محتوى,1,64,p,في واحد صاحبي وزميلي في الحرب داس على لغم، وفقد رجله وذراعه، وأنا أحب هذا الصديق جداً، ونفسي يعيش معايا لو سمحتوا لي، وهو إنسان حلو، أخلاقه كويسة وتصرفاته مريحة، وبيعتمد على نفسه ما بيتعبش حد معاه.صمت الوالدان، ثم تكلم الأب وقال:,,,
victory_over_weakness,ch7,الفصل السابع معطلات الأبوة,7,s1,محتوى,1,65,p,يا ابني ده وجوده معاك ها يعطلك عن مستقبلك، ياريت تيجي لوحدك بلاش يجي معاك.حاول الابن إقناع والديه باصطحاب صديقه، وطلب منهما الإشفاق عليه، وعدم الضيق منه، فهذا قد يكون قسوة عليه، إذا اعتذر له عن اصطحابه لمنزله، فالحنان عليه أفضل من العنف والقسوة. ولكن الأب والأم رفضا، وقالا لابنهما:,,,
victory_over_weakness,ch7,الفصل السابع معطلات الأبوة,7,s1,محتوى,1,66,p,تعالى أنت يا ابني بسرعة وسيبك من زميلك ده. عشان ماتتعطلش في حياتك، وزميلك ده يدخل أي بيت للعجزة.مرت الأيام ثقيلة والوالدان ينتظران ابنهما. وفي أحد الأيام اتصل بهما رجل من الشرطة يخبرهما بوفاة ابنهما الذي سقط من فوق مبنى مرتفع. فسافر الوالدان إلى سان فرنسيسكو؛ ليتعرفا على جثة ابنهما، وهما في حزن شديد.,,,
victory_over_weakness,ch7,الفصل السابع معطلات الأبوة,7,s1,محتوى,1,67,p,دخل الوالدان إلى مستشفى، ودخلا لينظرا ابنهما، وكانت المفاجأة إذ وجداه قد فقد إحدى ذراعيه وأحد رجليه. وهنا زاد حزنهما جداً، وكاد قلبهما يتقطع؛ لأنهما لم يفهما أن ابنهما كان يتكلم عن نفسه، عندما أخبرهما بصديقه الذي فقد ذراعه ورجله، وكان يستأذنهما أن يأتي ويقيم معه في منزله. وأنه عندما رفضا مجيء هذا الصديق، فهم أنه مرفوض منهما ومن المجتمع، فقرر الانتحار وألقى بنفسه من فوق هذا المبنى المرتفع.,,,
victory_over_weakness,ch7,الفصل السابع معطلات الأبوة,7,s1,محتوى,1,68,p,عاد الوالدان بعد هذا إلى منزلهما، بعد دفن ابنهما، وهما يلومان نفسيهما على قسوتهما وعنفهما في رفض الصديق المعاق، ولم يعلما أن هذا العنف كان موجهاً ضد ابنهما، قررا أن يرتبطا بالكنيسة، بل ويشتركا في خدمة حتى ينفتح قلبهما بالمحبة والإشفاق على كل محتاج، ويعاملاه بأبوة وحنان.,,,
victory_over_weakness,ch7,الفصل السابع معطلات الأبوة,7,s1,محتوى,1,69,p,التعلق: قد يحب الوالدان أو أحدهما ابنهما أو ابنتهما محبة شديدة، لدرجة أن يتعلق قلب الأب أو الأم بالابن أو الابنة، فيقدم له محبة أكبر وتمييز عن باقي اخوته، ويصبح هذا الابن مدللاً، ويغار منه اخوته، ويتضايقون منه، مع أنه لم يخطئ، لكن الذي أخطأ هو الأب أو الأم.,,,
victory_over_weakness,ch7,الفصل السابع معطلات الأبوة,7,s1,محتوى,1,70,p,فإذا تعلق الأب بابنه، يريد أن يكون ابنه هذا بجواره، حتى لو تعطل عن لعبه، أو دراسته، أو عمله فيما بعد وخدمته، أو عن زوجته وأولاده عندما يكبر؛ لأن التعلق يجعل الأب أنانياً يطلب مصلحته، وليس مصلحة ابنه، هو يشبع رغباته، ويظن أن هذه هي الأبوة الكاملة، مع أنها بعيدة عن الأبوة العطاء والحب الحقيقي.,,,
victory_over_weakness,ch7,الفصل السابع معطلات الأبوة,7,s1,محتوى,1,71,p,التعلق لا يكون بأحد إلا بالله، فهو الكائن الوحيد غير المحدود، فيستطيع الأب، أو الأم أن يحب الله، وينمو في محبته، دون أن يضايق أحداً، ويشبع بالله إلى أقصى مدى. أما الأبوة للبشر، فيحب أولاده؛ لأنهم عطية من الله، ويهتم بهم؛ ليكونوا أبناء حقيقيين لله والكنيسة.,,,
victory_over_weakness,ch7,الفصل السابع معطلات الأبوة,7,s1,محتوى,1,72,p,تعلق الأب بابنه يشجع الابن على التعلق بأبيه، وتنقص محبته لله، وللناس، فيصبح شخصاً غير سوياً. فالتعلق الذي يسقط فيه الأب يعثر ابنه، بالإضافة إلى إعثار الآخرين.,,,
victory_over_weakness,ch7,الفصل السابع معطلات الأبوة,7,s1,محتوى,1,73,p,تعلق الأب يجعله يتهاون مع ابنه، فلا ينبهه إذا أخطأ، أو تكون تنبيهاته ضعيفة، فيتقدم الابن في أخطاء كثيرة، تغضب الله والناس، فهو يفسد ابنه، ويدفعه إلى الانحراف، كما حدث مع عالي الكاهن الذي أهمل توجيهه لولديه، فسقطا في الزنا ومحبة المال ( ).,,,
victory_over_weakness,ch7,الفصل السابع معطلات الأبوة,7,s1,محتوى,1,74,p,إن الأبوة الحقيقية تنبع أولاً من العلاقة مع الله، ثم تفيض على الأبناء دون تحيز، فتشبع الكل، ويعيشون بنفسية سوية، ناجحة روحياً ومادياً.,,,
victory_over_weakness,ch7,الفصل السابع معطلات الأبوة,7,s1,محتوى,1,75,p,عاش هذا الابن مع أمه وأخيه في حياة مسيحية جميلة وارتباط بالكنيسة. وكان هو وأخيه يمران بسلام في دراستهما، وأمهما تشجعهما وتغمرهما بحب كبير.,,,
victory_over_weakness,ch7,الفصل السابع معطلات الأبوة,7,s1,محتوى,1,76,p,كانت الأم مثلاً أعلى في محبة الله، والمحبة والتضحية لأبنائها، فأحبهما الإبنان محبة كبيرة، وكانت تقضي وقتاً طويلاً معما في البيت، وتخرج معهما؛ لتشتري لهما ما يحتجانه، وكانت لا تفرق بينهما في المعاملة وتشجع كليهما، فكان يحبان بعضهما البعض ويحبان أمهما الطيبة.,,,
victory_over_weakness,ch7,الفصل السابع معطلات الأبوة,7,s1,محتوى,1,77,p,كان أحد الابنان صحته ضعيفة والثاني صحته قوية، فكان يظهر ضعف الضعيف أثناء اللعب، وكان الأخ الأقوى يسانده ويتوقفا عن اللعب ويرجعا بعد فترة. أما الأم، فكانت تهتم بالأبن الضعيف الذي كان يصاب بأمراض مختلفة، فكانت تعتنى به حتى يشفى.,,,
victory_over_weakness,ch7,الفصل السابع معطلات الأبوة,7,s1,محتوى,1,78,p,في أحد الأيام خرجت الأم مع ابنيها لشراء بعض الاحتياجات، وفي الطريق قابلت الأم إحدى صديقاتها القديمات، فتعانقا وتكلما معاً في الشارع، وفوجئت الأم بالصديقة تقول لها من من الولدين هو الذي تبنيتيه؟ حاولت الأم تغيير الكلام وضغطت على رجل هذه الصديقة فتوقف الكلام، ولكن الابنان سمعا سؤال صديقة أمهما.,,,
victory_over_weakness,ch7,الفصل السابع معطلات الأبوة,7,s1,محتوى,1,79,p,في البيت وقف الابنان أمام أمهما، وهما في حيرة وتوتر، وسألا أمهما نفس سؤال الصديقة، وقالا لها:,,,
victory_over_weakness,ch7,الفصل السابع معطلات الأبوة,7,s1,محتوى,1,80,p,مين فينا اللي انتي اتبنتيه يا ماما؟حاولت الأم الهروب من السؤال ولكنهما أخذا يلحان عليها وقالا له: لقد سمعنا صديقتك. فأخذت تصلي ولا تعرف ماذا تقول، ثم صمتت فترة وهي تصلي ثم قالت لهما: أن الابن الذي تبنيته هو أنت، وأشارت إلى ابنها القوي في الصحة. ولكنكما تعلمان أني لا أفرق بينكما فأنتما الإثنان في مكانة واحدة في قلبي.,,,
victory_over_weakness,ch7,الفصل السابع معطلات الأبوة,7,s1,محتوى,1,81,p,انصرف الابنان، وأخذ الابن ذو الصحة القوية يفكر في نفسه أنا لست ابنها من بطنها ولكنها تحبني وأنا أحبها. أخذ يصلي كثيراً كما تعلم من أمه، وفي النهاية هدأ حتى أنه قال لأخيه الضعيف الصحة:,,,
victory_over_weakness,ch7,الفصل السابع معطلات الأبوة,7,s1,محتوى,1,82,p,- أنت ابنها من بطنها، فأنت مفروض عليها، أما أنا فقد اختارتني فهي تحبني يا بختي بأمي التي اختارتني مع إني لم أكن ابنها.,,,
victory_over_weakness,ch7,الفصل السابع معطلات الأبوة,7,s1,محتوى,1,83,p,عادت الحياة إلى طبيعتها، وإن كان الابن القوي قد تعلم الاتضاع وزادت صلواته وشكره لله الذي أعطاه هذه الأم وهذا البيت، حتى زال انزعاجه بدرجة كبيرة.,,,
victory_over_weakness,ch7,الفصل السابع معطلات الأبوة,7,s1,محتوى,1,84,p,مرض الأخ الضعيف الصحة مرضاً شديداً، وأحضرت الأم الأطباء، وحاولت علاجه بكل وسيلة، لكنه استمر يعاني من المرض، وفي النهاية مات هذا الابن. حزنت عليه الأم وأخيه.,,,
victory_over_weakness,ch7,الفصل السابع معطلات الأبوة,7,s1,محتوى,1,85,p,عاش الابن القوي في الصحة مع أمه يشكر الله على صحته، وزادت علاقته بالكنيسة ثم في أحد الأيام بعد تناول طعام الغذاء قالت الأم لابنها: تعالى لحجرتي لأتكلم معك. شعر الابن بأهمية ما ستقوله؛ لأنها لم تكن محتاجة أن تفعل هذا معه، بل تتكلم بصراحة في كل شيء.,,,
victory_over_weakness,ch7,الفصل السابع معطلات الأبوة,7,s1,محتوى,1,86,p,ذهب الابن إلى حجرة الأم وسمع أمه تقول له:,,,
victory_over_weakness,ch7,الفصل السابع معطلات الأبوة,7,s1,محتوى,1,87,p,عايزة أقولك يا ابني على سر، أنا حبيتك إنت وأخوك زي بعض، لكن انت عارف إن أخوك صحته ضعيفة، فلما سألتوني أنا اتبنيت مين؟ قلت إنت عشان أنا حسيت إن أخوك مش ها يستحمل إنه يعرف الحقيقة وهو اني اتبنيته هو، والحقيقة إنك إنت ابني اللي أنا ولدته من بطني، وربنا حافظ عليك عشان تعيش معايا.سالت دموع الأم وكذا الابن، وتعانقا لمدة طويلة، بعدها قال الابن:,,,
victory_over_weakness,ch7,الفصل السابع معطلات الأبوة,7,s1,محتوى,1,88,p,إنتي عظيمة يا ماما انك اتغلبتي على احساسك عشان ما تجرحيش أخويا، أنا اتعلمت منك إني متعلقش بحد أحب ربنا واحب كل الناس واعطف على الضعيف أكثر زي ما ربنا بيعطف علينا. القلق: قد توجد مشاعر أبوة صادقة، ويحب الأب أولاده باهتمام، ولكن إذا أصيب الأب بالقلق فإنه يعيش في عالم آخر غير العالم الحقيقي الذي حوله؛ لأن القلق هو تفكير ومشاعر زائدة عن الطبيعي. وبالتالي تصبح التصرفات غير مناسبة للواقع، فيعاني الأبناء من تصرفات والديهم.,,,
victory_over_weakness,ch7,الفصل السابع معطلات الأبوة,7,s1,محتوى,1,89,p,إذا انشغل أحد الزوجين في انشغالات العالم، يحمل الطرف الآخر المسئولية وحده، وهنا إن لم يكن هذا الطرف الذي يعيش مع الأولاد مرتبطاً بالكنيسة فإنه يصاب بالقلق والتوتر لعظم المسئولية عليه. ويحرم الأولاد من أحد والديه لانشغاله، ويحرم من الطرف الثاني؛ لأنه في قلق وتصرفاته غير متزنة.,,,
victory_over_weakness,ch7,الفصل السابع معطلات الأبوة,7,s1,محتوى,1,90,p,يتكرر هذا الموقف لو حدث انفصال بين الزوجين أو مات أحدهما، فالطرف الذي يربي الأولاد إن لم يكن مستنداً على الله بقوة، يصاب بالقلق، ويتعب الأبناء.,,,
victory_over_weakness,ch7,الفصل السابع معطلات الأبوة,7,s1,محتوى,1,91,p,إذا كان أحد الوالدين عقلانياً، أي يعتمد على عقله بشكل كبير، وتنكمش مشاعره، بالإضافة إلى ابتعاده عن الله، فإنه يعاني من القلق، وهذا يؤثر بالطبع على أولاده، فإما يصابون بالقلق، أو يضطربون، أو ينكمشون في انطواء، أو يعانون من متاعب نفسية أخرى.,,,
victory_over_weakness,ch7,الفصل السابع معطلات الأبوة,7,s1,محتوى,1,92,p,القلق في أحد الوالدين يجعل أسئلتهما كثيرة لأولادهم، حتى يضطر الأولاد أن يخفوا عنهما حقائق في حياتهم، أو يكذبوا عليهم؛ لأنهم غير محتملين لقلق الأب، أو الأم. والخلاصة فإن القلق مدمر لمن يصيبه، أي الأب، أو الأم، ومدمر أيضاً لنفسية أولادهما.,,,
victory_over_weakness,ch7,الفصل السابع معطلات الأبوة,7,s1,محتوى,1,93,p,كان هذا الشاب مرتبطاَ بالكنيسة، ويهتم بالتوبة والاعتراف، وكذا التناول، ثم أعجب بإحدى زميلاته في العمل إذ كانت جميلة وشعر أنها لطيفة. فتقدم للارتباط بها، ففرحت هي وأهلها، وكذلك أهله.,,,
victory_over_weakness,ch7,الفصل السابع معطلات الأبوة,7,s1,محتوى,1,94,p,أخبرت هذه الفتاة على الشاب الذي تقدم لها، أنها تعاني من أتعاب العمل، وتود أن تترك العمل بعد الزواج، بل واشترطت عليه أن يفعل لها هذا، فوافق الشاب بمحبة؛ لأنه إنسان باذل، ويحب المسيح الذي صلب وفدانا على الصليب.,,,
victory_over_weakness,ch7,الفصل السابع معطلات الأبوة,7,s1,محتوى,1,95,p,تم الزواج بفرح من الكل، واستراحت الزوجة في بيتها، بعد أن تركت عملها، ولكن الزوج اكتشف أن زوجته تضطرب كثيراً لأجل أمور صغيرة، أو كبيرة، وتقلق على أمور لا تستدعي هذا القلق، واكتشف أيضاً زوجته كثيرة الطلبات، وكثيرة اللوم على أي شيء لا يعجبها.,,,
victory_over_weakness,ch7,الفصل السابع معطلات الأبوة,7,s1,محتوى,1,96,p,استطاع الزوج أن يلاطف زوجته ويرضيها ويحقق لها طلباتها، فكان ينفق كل ما يحصل عليه من عمله؛ ليوفي بعض طلباتها، ولكنها استمرت في قلقها وطلباتها التي لا تنتهي، فاضطر الزوج إلى البحث عن عمل آخر إضافي، فكان يعمل ساعات طويلة، تنتهي في نصف الليل، مع أنه كان يبدأ العمل الأول من الصباح الباكر. وبهذا استطاع أن يوفي معظم طلباتها.,,,
victory_over_weakness,ch7,الفصل السابع معطلات الأبوة,7,s1,محتوى,1,97,p,مرت الشهور والسنوات، والزوج يعمل أعمالاً كثيرة، والزوجة سعيدة لتحقيق طلباتها، وعندما كان الزوج يشعر بالتعب والإرهاق، يتذكر المسيح الذي بذل حياته على الصليب، فيحتمل ويشكر الله على معونته، واستمر يحب زوجته، أما هي فكان قلقها لا يعطيها سعادة كاملة، إذ كان من المستحيل تحقيق كل طلباتها.,,,
victory_over_weakness,ch7,الفصل السابع معطلات الأبوة,7,s1,محتوى,1,98,p,زاد التعب الصحي على الزوج واكتشف الطبيب وجود متاعب في القلب، ولكن الزوج لم يدخل في العلاج لانشغاله في العمل؛ ليوفي طلبات زوجته. وفي أحد الليالي، بينما كان الزوج نائماً، استيقظت الزوجة التي تنام بجواره على صراخ زوجها، فنقلته إلى المستشفى في الحال، واكتشفت أن حالته خطيرة، فحاولوا إسعافه، أما هو فوسط آلامه شكر زوجته على السعادة التي أعطتها له منذ زواجه، وكانت صورة المسيح المصلوب دائماً أمامه تشجعه. ولكن بعد فترة قصيرة مات الزوج.,,,
victory_over_weakness,ch7,الفصل السابع معطلات الأبوة,7,s1,محتوى,1,99,p,انهارت الزوجة بعد أن استوعبت أن سبب موت زوجها هو الإرهاق الشديد وعدم العلاج حتى لا يقصر في عمله ولكي ما يستمر في توفير طلباتها. وسط أحزان الزوجة اضطرت للعمل حتى توفر نفقات معيشتها.,,,
victory_over_weakness,ch7,الفصل السابع معطلات الأبوة,7,s1,محتوى,1,100,p,عادت الزوج للارتباط بالكنيسة بعد تباعدها مدة طويلة، واعترفت أمام الكاهن بكل خطاياها، وتناولت من الأسرار، بل وارتبطت بأحد الاجتماعات، وبدأت تخدم أيضاً، وتنصح كل من حولها بالعطاء والبذل. وبدأت طلباتها تقل، وبدأ أيضاً القلق يزول تدريجياً.,,,
victory_over_weakness,ch7,الفصل السابع معطلات الأبوة,7,s1,محتوى,1,101,p,الاكتئاب:القلق المزعج ينتج عنه اكتئاب؛ لأن الإنسان الذي يعاني من القلق لا يحتمل أفكاره، أو مشاعره المزعجة. وعندما يكتئب يشعر أن الدنيا سوداء أمامه، ويحارب باليأس في كل شيء. فماذا يفعل الأب، أو الأم الذي يعاني من الاكتئاب؟,,,
victory_over_weakness,ch7,الفصل السابع معطلات الأبوة,7,s1,محتوى,1,102,p,الأب المكتئب يسهل أن يسقط في الغضب، إذا واجه أية مشكلة جديدة حتى لو كانت صغيرة، وهذا بالطبع يخفي أبوته، حتى يكاد يختفي حنانه ومحبته لأولاده.,,,
victory_over_weakness,ch7,الفصل السابع معطلات الأبوة,7,s1,محتوى,1,103,p,والأب المكتئب لا ينشغل إلا بضيقه، فلا يستطيع أن يشعر بمن حوله، وبالتالي لا يستطيع أن يعطي أولاده شيء من الحنان، أو يهتم باحتياجاتهم النفسية؛ لأنه منشغل بهمومه. وبالتالي، فإن من حوله يصمتون ويبتعدون عنه، وإذا حاولوا أن يفرحوا بأي شكل يوبخهم؛ لأنهم لا يشعرون به، فيزداد اكتئابه، ويحاول دون أن يدري أن يجعل من حوله في اكتئاب مثله.,,,
victory_over_weakness,ch7,الفصل السابع معطلات الأبوة,7,s1,محتوى,1,104,p,الأب المكتئب لا يستطيع أن يتذوق الفرح مهما كان واضحاَ، ومهما حدثت معه أموراً تسعده؛ لأنه حتى لو فهم ما حدث، لكنه ليس من السهل أن يخرج من اكتئابه بسرعة.,,,
victory_over_weakness,ch7,الفصل السابع معطلات الأبوة,7,s1,محتوى,1,105,p,إن زوجة هذا الأب وأبنائه يتباعدون عنه تدريجياً لعدم احتمالهم لتصرفاته وكلامه، فيزداد اكتئابه، ويقل عطاءه حتى يكاد أن ينعدم.,,,
victory_over_weakness,ch7,الفصل السابع معطلات الأبوة,7,s1,محتوى,1,106,p,هذا الأب المكتئب لا يريد أن يخرج أولاده إلى الحياة، فيتعرضوا هم أيضاً للاكتئاب، خاصة أنه يكون غاضباً بحدة إذا تركوه وخرجوا، وهو يرفض أن يخرج معهم أو يشارك في أي شيء مفرح.,,,
victory_over_weakness,ch7,الفصل السابع معطلات الأبوة,7,s1,محتوى,1,107,p,أصيبت هذه الشابة بعجز جسدي، فتضايقت جداً واكتأبت، ولازمت بيتها لا تريد الخروج منه. وكان بيتها بسيطاً متواضعاً، وتسكن في الدور الأرضي بإحدى العمارات.,,,
victory_over_weakness,ch7,الفصل السابع معطلات الأبوة,7,s1,محتوى,1,108,p,سمع الخدام بالكنيسة بقصتها، فتأثروا جداً، ورفعوا صلوات من أجلها، لكي ما يرفع عنها الله هذا الاكتئاب، فتتشجع، وتخرج وتأتي إلى الكنيسة وتحضر القداس، ولا تنعزل عن العالم بسبب عجزها الجسدي.,,,
victory_over_weakness,ch7,الفصل السابع معطلات الأبوة,7,s1,محتوى,1,109,p,عرف أحد الشباب الذي يعاني من عجز في رجليه بقصة هذه الشابة، وهذا الشاب كان مرتبطاً بالكنيسة والاعتراف والتناول، والاجتماعات الروحية، فكان يحيا سعيداً مع الله، بل امتلأ قلبه بالمحبة، فكان يخدم ويسأل على كل محتاج، سواء بسبب عجز، أو اكتئاب، أو أي ظروف تتعبه.,,,
victory_over_weakness,ch7,الفصل السابع معطلات الأبوة,7,s1,محتوى,1,110,p,أظهر هذا الشاب رغبته في زيارة هذه الشابة المكتئبة، وطلب من الخدام أن يوصلوه إلى هذه الشابة، وقال لهم: لأني أعاني من عجز مثلها، فيمكن أن تقبل مني كلام عن الله، ففرح الخدام بمشاعر الأبوة والحنان الذي فيه، ووعدوه أن يوصلوه إلى منزل هذه الشابة.,,,
victory_over_weakness,ch7,الفصل السابع معطلات الأبوة,7,s1,محتوى,1,111,p,في أحد الأيام ركب هذا الشاب السيارة مع الخدام ووصل إلى بيت الشابة المكتئبة، وكانت الشابة تنظر من نافذة بيتها على الشارع، فوجدت سيارة قد وقف أمام بيتها، وقفز من السيارة شاب عاجز في قدميه، وأخذ يزحف على الأرض، مستخدماً يديه، ومتجهاً نحوها. فتعجبت، ثم وجدته قد وصل إليها وحياها، فأجابته التحية، وبدأ يتكلم معها وهو راقد على الأرض، وبدأ يخبرها بنعمة المسيح وخيراته الكثيرة التي يتمتع بها. فأخذت تسمعه وهي في ذهول، وتقول: في نفسها:,,,
victory_over_weakness,ch7,الفصل السابع معطلات الأبوة,7,s1,محتوى,1,112,p,- إزاي ده فرحان وهو عاجز أكثر مني.,,,
victory_over_weakness,ch7,الفصل السابع معطلات الأبوة,7,s1,محتوى,1,113,p,استمر الشاب في حديثه عن المسيح حتى هدأت الشابة، وبدأت تقبل كلامه، إذ دعاها لحضور القداس والاعتراف والتناول، وأن تتمتع بالصلاة وقراءة الكتاب المقدس.,,,
victory_over_weakness,ch7,الفصل السابع معطلات الأبوة,7,s1,محتوى,1,114,p,لم تستطع الفتاة أن تقاوم كلمات الشاب القوية الخارجة من قلب مملوء بالأبوة والحنان، وفي نفس الوقت بالفرح والرجاء، ووعدته أن تأتي إلى الكنيسة، وشجعها الخدام الواقفين وراء هذا الشاب العاجز، ووعدوها أن يوصلوها للكنيسة؛ لتحضر ليس فقط القداس، بل أيضاً أن يحضروها إلى اجتماعهم الروحي بالكنيسة. وبالفعل بدأت الشابة تخرج تدريجياً من اكتئابها؛ لتشترك في الجو الروحي بالكنيسة، إذ رأت الرجاء والفرح في أعين من حولها، وارتبطت بالمسيح مصدر كل فرح.,,,